ID,admin,name,check,X,Y
1,贞山街道龙麟村,新种村,0,38352645.5,2578545.614
2,贞山街道大圳村,大圳村,0,38356379.56,2578718.308
3,贞山街道白龙村,黄田头村,0,38354504.64,2578818.22
4,贞山街道白龙村,黄田头村,0,38354479.41,2578925.453
5,贞山街道白龙村,羊坑村,0,38354522.22,2579071.307
6,贞山街道白龙村,羊坑村,0,38354438.67,2579145.369
7,贞山街道白龙村,羊坑村,0,38354647,2579151.028
8,贞山街道白龙村,羊坑村,0,38354575.11,2579188.567
9,贞山街道白龙村,羊坑村,0,38354762.91,2579197.014
10,贞山街道龙麟村,坑尾村,0,38350846.37,2579232.257
11,贞山街道龙麟村,坑尾村,0,38351116.47,2579299.919
12,贞山街道龙麟村,坑尾村,0,38351000.48,2579314.156
13,贞山街道白龙村,对门村,0,38353802.47,2579322.844
14,贞山街道龙麟村,茅坪村,0,38350856.69,2579406.746
15,贞山街道龙麟村,石冲村,3,38351432.11,2579416.267
16,贞山街道白龙村,大湾村,0,38354645.85,2579436.571
17,贞山街道龙麟村,陈仔村,0,38351512.73,2579545.629
18,贞山街道龙麟村,陈仔村,0,38351450.29,2579553.968
19,贞山街道龙麟村,黄岑村,0,38352910.26,2579560.634
20,贞山街道龙麟村,黄岑村,0,38352693.61,2579571.824
21,贞山街道大圳村,兰坑村,0,38357140.76,2579580.631
22,贞山街道大圳村,学斗村、合坑村、横岗村,3,38356346.14,2579587.26
23,贞山街道大圳村,兰坑村,3,38356769.21,2579600.133
24,贞山街道白龙村,赤坭村、古寨村,0,38354009.98,2579625.191
25,贞山街道龙麟村,茅坪村,0,38350725.14,2579636.53
26,贞山街道大圳村,兰坑村,0,38357285.73,2579655.761
27,贞山街道龙麟村,陈仔村,0,38351464.31,2579657.161
28,贞山街道白龙村,坪坑村,0,38355080.08,2579675.473
29,贞山街道大圳村,兰坑村,3,38356810.86,2579675.502
30,贞山街道大圳村,兰坑村,0,38356963.67,2579686.073
31,贞山街道龙麟村,黄岑村,0,38352595.56,2579699.272
32,贞山街道龙麟村,陈仔村,0,38351594.89,2579701.016
33,贞山街道大圳村,兰坑村,3,38356693.57,2579703.064
34,贞山街道龙麟村,黄岑村,0,38352645.11,2579722.267
35,贞山街道龙麟村,龙麟村,0,38351854.64,2579786.708
36,贞山街道白龙村,新寨村,0,38354332.63,2579826.426
37,贞山街道白龙村,岗花村、大湾口村,3,38354629.76,2579848.048
38,贞山街道白龙村,对门村,3,38354211.05,2579929.434
39,贞山街道龙头村,芒头窝村,0,38349121,2579945.446
40,贞山街道龙麟村,盆古村,3,38352166.61,2580019.528
41,贞山街道龙头村,芒头窝村,0,38348943.85,2580029.39
42,贞山街道龙麟村,小谭村,0,38351900.99,2580050.954
43,贞山街道白龙村,仁村,0,38354946.64,2580059.501
44,贞山街道龙头村,芒头窝村,0,38349144.05,2580062.184
45,贞山街道白龙村,仁村,3,38354878.14,2580062.86
46,贞山街道大圳村,大圳村、新尾村、罗卜莨村,3,38356136.76,2580160.682
47,贞山街道龙麟村,龙麟小学,0,38352369.09,2580180.587
48,贞山街道白龙村,仁村,0,38354807.07,2580218.233
49,贞山街道白龙村,仁村,3,38354933.35,2580268.366
50,贞山街道龙麟村,邓企村,0,38352522.43,2580291.371
51,贞山街道大圳村,石下村,0,38356349.55,2580312.751
52,贞山街道白龙村,仁村,0,38354635.96,2580321.87
53,贞山街道龙麟村,龙塘村委会,0,38352821.88,2580378.753
54,贞山街道龙麟村,,0,38352715.04,2580379.838
55,贞山街道大圳村,大圳村、新尾村,0,38356058.9,2580384.093
56,贞山街道大圳村,力岗村,0,38355889.39,2580430.826
57,贞山街道白龙村,榄布村,0,38354715.76,2580431.387
58,贞山街道大圳村,石下村,3,38356359.88,2580439.027
59,贞山街道白龙村,榄布村,0,38354810.19,2580497.848
60,贞山街道白龙村,榄布村,0,38354657.24,2580508.401
61,贞山街道龙麟村,力竹村,0,38352087.85,2580530.978
62,贞山街道大圳村,石下村,3,38356220.51,2580554.335
63,贞山街道龙麟村,力竹村,0,38352307.59,2580561.455
64,贞山街道白龙村,榄布村,0,38354875.04,2580590.581
65,贞山街道龙麟村,伍仕华商店,0,38352839.97,2580602.438
66,贞山街道龙麟村,江咀村,0,38352632.45,2580614.258
67,贞山街道大圳村,大圳村,0,38355816.95,2580620.274
68,贞山街道大圳村,石下村,0,38356304,2580620.306
69,贞山街道白龙村,榄布村,0,38354931.03,2580633.767
70,贞山街道大圳村,,0,38356159.83,2580656.702
71,贞山街道龙麟村,白石村,0,38352479.18,2580670.391
72,贞山街道光荣村,王坑,0,38357073.4,2580680.02
73,贞山街道大圳村,罗卜莨村,0,38356123.78,2580690.96
74,贞山街道光荣村,光荣村,0,38356274.07,2580747.522
75,贞山街道龙麟村,下寨村,3,38352859.24,2580773.743
76,贞山街道白龙村,竹高塘,0,38355033.22,2580796.76
77,贞山街道光荣村,光荣村,0,38356275.54,2580808.157
78,贞山街道龙头村,清水塘村,0,38351047.89,2580820.466
79,贞山街道光荣村,光荣村,0,38356517.83,2580845.205
80,贞山街道光荣村,光荣村,0,38356219.22,2580873.329
81,贞山街道光荣村,光荣村,0,38356440.03,2580927.145
82,贞山街道龙麟村,办坑村,0,38353430.06,2581000.314
83,贞山街道光荣村,王坑,0,38356782.92,2581022.792
84,贞山街道光荣村,高寨村、王井村、社塘村、石桥头村、田心寨村、迎丰村,3,38355919.51,2581037.27
85,贞山街道龙头村,石塘村,0,38350684.17,2581058.838
86,贞山街道光荣村,光荣村,0,38356155.22,2581065.558
87,贞山街道光荣村,光荣村,0,38356214.65,2581085.649
88,贞山街道龙头村,石塘村,0,38350759.14,2581097.891
89,贞山街道龙头村,石塘村,0,38350836.8,2581110.97
90,贞山街道龙麟村,油茶村,0,38353343.57,2581133.3
91,贞山街道龙头村,新田村,3,38348992.76,2581147.184
92,贞山街道龙头村,大水坑林场,0,38347810.03,2581152.281
93,贞山街道龙头村,大坪,0,38348287.51,2581153.047
94,贞山街道龙麟村,油茶村,0,38353196.78,2581189.506
95,贞山街道龙头村,石塘村,0,38350887.93,2581196.418
96,贞山街道龙头村,大水坑村,0,38348328.7,2581238.581
97,贞山街道光荣村,王井,0,38356048.39,2581246.514
98,贞山街道龙头村,石塘村,0,38350804.02,2581254.81
99,贞山街道龙头村,石塘村,0,38351029.1,2581276.193
100,贞山街道龙头村,石塘村,3,38350887.65,2581297.153
101,贞山街道龙麟村,申学辉纸场,0,38353307.71,2581317.805
102,贞山街道光荣村,山脚村,0,38355706.2,2581356.647
103,贞山街道龙头村,石塘村,0,38350830.65,2581377.308
104,贞山街道龙麟村,龙塘村,0,38353895.47,2581424.595
105,贞山街道光荣村,山脚村,0,38355725.85,2581456.197
106,贞山街道光荣村,高寨,0,38356268.03,2581474.703
107,贞山街道光荣村,田洞头,0,38356676.67,2581495.614
108,贞山街道龙头村,新村,0,38348962.46,2581506.158
109,贞山街道白龙村,扶利村,0,38355057.87,2581520.326
110,贞山街道光荣村,田洞头,0,38356494.73,2581560.499
111,贞山街道龙头村,大水坑村,0,38348871.83,2581562.976
112,贞山街道龙头村,小坑,0,38349030.37,2581603.689
113,贞山街道白龙村,扶利村,0,38355081.14,2581622.842
114,贞山街道龙头村,坳背村,0,38349615.32,2581631.516
115,贞山街道坑口村,属光荣村,0,38356917.77,2581633.019
116,贞山街道白龙村,扶利村、榄布村,3,38354880.87,2581653.992
117,贞山街道白龙村,扶利村,3,38355065.98,2581682.659
118,贞山街道龙头村,小坑小学（废弃）,0,38348948.63,2581717.328
119,贞山街道龙头村,小坑尾村,0,38348162.65,2581734.953
120,贞山街道光荣村,上闸村,0,38355694.09,2581738.522
121,贞山街道龙麟村,申学辉纸场,0,38353711.09,2581746.764
122,贞山街道龙头村,坳背村,0,38349571.66,2581761.24
123,贞山街道金星村,江上村,0,38356072,2581801.012
124,贞山街道坑口村,半江磅村,0,38356617.77,2581823.262
125,贞山街道坑口村,半江磅村,3,38356716.08,2581836.603
126,贞山街道龙头村,小坑迳村,0,38348636.6,2581845.69
127,贞山街道龙头村,坳顶水库,0,38348916.3,2581852.619
128,贞山街道龙麟村,申学辉纸场,0,38353973.44,2581861.817
129,贞山街道白龙村,扶利村,3,38355204.26,2581863.913
130,贞山街道龙麟村,马莨村,3,38353855.7,2581866.779
131,贞山街道龙头村,小坑尾村,0,38348052.85,2581912.89
132,贞山街道金星村,京村、江上村、连布村、塘布村、圳口村、井巷村、新屋村、小布村、人办村,3,38355698.1,2582007.375
133,贞山街道白龙村,扶利村,0,38354845.82,2582032.861
134,贞山街道龙头村,对门村,0,38350990.55,2582067.141
135,贞山街道金星村,金星村委会,0,38354935.84,2582073.094
136,贞山街道龙头村,窑仔尾村,0,38350511.84,2582109.788
137,贞山街道龙头村,对门村,0,38351271.19,2582116.64
138,贞山街道金星村,,0,38354847.29,2582130.335
139,贞山街道白龙村,,0,38354755.06,2582150.486
140,贞山街道龙头村,窑仔尾村,0,38350181.02,2582151.691
141,贞山街道龙头村,下寨村,0,38351102.61,2582163.926
142,贞山街道金星村,,3,38355314.9,2582190.915
143,贞山街道龙头村,下寨村,0,38351324.08,2582205.029
144,贞山街道龙头村,窑仔尾村,0,38350467.45,2582206.707
145,贞山街道龙头村,红星小学,0,38351532.04,2582211.995
146,贞山街道龙头村,上厂村,0,38351005.06,2582212.978
147,贞山街道龙头村,窑仔尾村,0,38350268.24,2582234.38
148,贞山街道坑口村,岗鼻咀,0,38356702.8,2582240.337
149,贞山街道龙头村,窑仔尾村,0,38350175.41,2582250.392
150,贞山街道龙头村,龙头村、龙尾村,0,38354718.35,2582295.957
151,贞山街道金星村,不属金星,0,38355211.79,2582312.92
152,贞山街道龙头村,禾田村、禾坪村,3,38354543.01,2582335.699
153,贞山街道龙头村,坑口村,0,38351886.86,2582337.297
154,贞山街道龙头村,大坞旧村委会,0,38351662.12,2582370.371
155,贞山街道龙头村,坳顶村,0,38349851.5,2582370.792
156,石狗镇石桥村,坑尾,0,38345216.2,2582390.998
157,贞山街道金星村,不属金星,0,38355242.51,2582415.272
158,贞山街道龙头村,坑口村,3,38351998.91,2582447.425
159,贞山街道坑口村,,0,38356410.73,2582478.907
160,贞山街道坑口村,官碑村,3,38356634.39,2582526.547
161,贞山街道龙头村,龙头村,0,38354455.78,2582528.049
162,贞山街道龙头村,龙头村委会,0,38354630.75,2582529.209
163,石狗镇石桥村,大办,0,38345335.47,2582546.454
164,贞山街道金星村,京村,0,38355199.87,2582550.021
165,贞山街道金星村,连布村,0,38355584.19,2582551.497
166,贞山街道龙头村,王保村,3,38353371.05,2582558.952
167,贞山街道龙头村,龙头村、龙尾村,0,38354213.54,2582568.095
168,贞山街道坑口村,隔洞坪村,0,38356348.1,2582610.378
169,石狗镇石桥村,东风,3,38345516.33,2582625.17
170,贞山街道龙头村,王保村,0,38353222.36,2582634.798
171,贞山街道龙头村,上兴水库,0,38352614.49,2582649.167
172,贞山街道龙头村,王保村,0,38353325.34,2582654.574
173,贞山街道龙头村,王保村,0,38353369.5,2582654.644
174,贞山街道龙头村,石坑村、上兴村,0,38354168.07,2582667.419
175,贞山街道龙头村,王保村,0,38353139.44,2582709.809
176,贞山街道龙头村,上兴村,0,38353989.38,2582735.266
177,贞山街道龙头村,坳顶村,0,38349547.5,2582797.662
178,贞山街道龙头村,石坑村,3,38354370.11,2582827.847
179,贞山街道龙头村,莨仔村新屋,3,38354119.4,2582834.273
180,贞山街道龙头村,上兴水电站,0,38353881.77,2582848.832
181,贞山街道金星村,连塘布村,0,38355693.25,2582882.517
182,贞山街道龙头村,莨仔村,0,38354100.57,2582929.806
183,贞山街道龙头村,,0,38352671.13,2582933.876
184,贞山街道龙头村,坑口村,0,38352581.99,2582955.533
185,石狗镇石桥村,大坳,3,38346077.04,2582959.441
186,石狗镇石桥村,洞心,0,38346322.68,2583119.15
187,石狗镇石桥村,王茅莨,0,38347343.58,2583123.796
188,石狗镇石桥村,下洞,0,38346642.25,2583274.553
189,石狗镇石桥村,新兴,0,38347317.48,2583317.78
190,石狗镇石桥村,,0,38347171.49,2583339.648
191,石狗镇金坑村,黎洲江,0,38344649.49,2583345.648
192,石狗镇石桥村,厚田,0,38348027.7,2583452.441
193,石狗镇石桥村,下迳,0,38346582.55,2583481.634
194,石狗镇金坑村,坑尾,3,38342249.26,2583493.804
195,贞山街道坑口村,竹~,0,38357102.06,2583531.817
196,贞山街道坑口村,竹~,0,38357011.1,2583544.185
197,石狗镇石桥村,迳口,3,38346408.66,2583594.705
198,石狗镇石桥村,石桥,3,38347718.66,2583637.702
199,石狗镇石桥村,新屋,0,38347067.54,2583676.462
200,贞山街道坑口村,虾~村,3,38355460.42,2583721.034
201,贞山街道坑口村,瓦窑村,0,38356049.71,2583824.618
202,石狗镇程村村,大洞尾,0,38353859.62,2583850.87
203,石狗镇金坑村,旱屈,0,38344343.1,2583855.359
204,贞山街道坑口村,不属坑口村,0,38357052,2583949.891
205,贞山街道坑口村,,0,38356937.02,2584003.105
206,石狗镇金坑村,河洞,0,38345051.32,2584030.813
207,贞山街道坑口村,,0,38357626.82,2584035.157
208,石狗镇金坑村,简背,0,38343413.7,2584049.161
209,石狗镇h龙村,金鸡社,0,38348727.58,2584064.381
210,贞山街道坑口村,坑口村,3,38357227.29,2584072.201
211,贞山街道坑口村,坑口村,0,38357474.17,2584082.177
212,贞山街道坑口村,,0,38357546.79,2584087.529
213,贞山街道坑口村,阵坑塘村,0,38356548.42,2584097.499
214,贞山街道坑口村,,0,38356013.69,2584098.834
215,石狗镇h龙村,罗群,0,38350515.84,2584101.222
216,石狗镇石桥村,王陂,0,38348017.31,2584107.067
217,贞山街道坑口村,坑口村,0,38357611.12,2584113.91
218,石狗镇石桥村,三多,0,38348272.63,2584121.247
219,贞山街道坑口村,坑口村,0,38356922.49,2584132.538
220,石狗镇h龙村,h龙（1至3村）,0,38349699.83,2584181.756
221,石狗镇程村村,元墩,0,38351301.08,2584204.875
222,石狗镇金坑村,上环,0,38343146.16,2584211.733
223,石狗镇程村村,芦坑3村,0,38351661.93,2584254.35
224,石狗镇金坑村,,0,38343060.3,2584261.66
225,石狗镇金坑村,下坳,0,38343559.92,2584266.052
226,石狗镇程村村,芦坑1-3,0,38351891.28,2584287.585
227,贞山街道坑口村,坑口村村委会,0,38356762.39,2584302.859
228,石狗镇金坑村,金坑,3,38345657.38,2584350.932
229,石狗镇金坑村,上坳,0,38343344.15,2584369.281
230,石狗镇程村村,刁屋（狗耳~）,3,38351418.01,2584423.091
231,石狗镇h龙村,石屈,0,38349404.95,2584460.863
232,贞山街道坑口村,瓦窑村,0,38356518.56,2584550.804
233,石狗镇h龙村,h龙（3至7村）,3,38350196.71,2584575.689
234,石狗镇程村村,上新屋,3,38352369.54,2584591.82
235,石狗镇程村村,红锋,3,38354653.93,2584604.074
236,贞山街道坑口村,瓦窑村,0,38356346.9,2584608.562
237,石狗镇h龙村,江边,0,38348968.38,2584654.58
238,贞山街道坑口村,,3,38356230.54,2584870.084
239,石狗镇程村村,罗洞,0,38354650.58,2584934.858
240,石狗镇程村村,下新屋,3,38354520.41,2584937.655
241,贞山街道坑口村,,0,38356277.82,2584937.773
242,石狗镇大坪村,东坑,3,38341740.79,2584968.213
243,石狗镇金坑村,井头磅,0,38345440.18,2584984.167
244,石狗镇程村村,禾岭,3,38354790.72,2584985.065
245,石狗镇石狗村,上塘,0,38350924.51,2584990.236
246,石狗镇程村村,下寨,0,38353330.87,2585034.474
247,石狗镇h龙村,巡~,0,38349763.84,2585043.129
248,石狗镇程村村,福田,3,38352836.11,2585180.738
249,石狗镇程村村,黎园头,0,38353692.82,2585270.712
250,石狗镇程村村,潮坑,0,38354634.07,2585335.887
251,石狗镇大坪村,,0,38345774.25,2585431.645
252,石狗镇石狗村,中塘,3,38351434.59,2585432.862
253,石狗镇程村村,狮子（官塘）,0,38352636.13,2585463.093
254,石狗镇大坪村,路琴,3,38342929.46,2585531.972
255,石狗镇石狗村,下塘,0,38351734.32,2585576.252
256,石狗镇带下村,泽村,3,38346595.7,2585696.595
257,石狗镇大坪村,四宅,0,38343610.94,2585714.287
258,石狗镇程村村,福龙,0,38353632.28,2585717.72
259,石狗镇带下村,王布,0,38346122.71,2585740.635
260,石狗镇大坪村,联和,0,38342127.54,2585767.77
261,石狗镇大坪村,瓦窑,0,38343942.68,2585854.161
262,石狗镇石狗村,石塘坑,0,38352615.55,2585889.248
263,石狗镇程村村,,0,38355212.73,2585891.374
264,石狗镇大坪村,谭九,3,38341278.59,2585934.273
265,石狗镇程村村,新庙,0,38354724.66,2585968.013
266,石狗镇大坪村,谢田,0,38345090.02,2585982.093
267,石狗镇程村村,码石,0,38354507.26,2585987.996
268,石狗镇带下村,佛仔,0,38346862.16,2586027.982
269,石狗镇程村村,,0,38354982.41,2586054.456
270,石狗镇大坪村,石崩,3,38344676.99,2586090.464
271,石狗镇石狗村,何~,3,38352883.13,2586184.208
272,石狗镇石狗村,石狗圩,3,38355078.4,2586185.235
273,石狗镇大坪村,大坪,0,38344480.47,2586202.127
274,石狗镇石狗村,寮畔,3,38351301.55,2586207.295
275,石狗镇带下村,申角,0,38347097.5,2586257.667
276,石狗镇石狗村,庵岗,0,38351644.19,2586282.421
277,石狗镇带下村,禾岭,0,38347941.19,2586354.921
278,石狗镇石狗村,,0,38350211.98,2586426.771
279,石狗镇带下村,合龙（新寨）,3,38346638.47,2586460.519
280,石狗镇石狗村,河洲塘,0,38351170.02,2586547.174
281,石狗镇石狗村,河洲塘,0,38351067.01,2586562.165
282,石狗镇带下村,江珠,0,38345898.78,2586564.529
283,石狗镇隔岗村,大碗,0,38342831.85,2586615.376
284,石狗镇石狗村,河洲塘,0,38351547.51,2586635.499
285,石狗镇石狗村,河洲塘,0,38351014.41,2586644.503
286,石狗镇石狗村,河洲塘,0,38351160.93,2586644.628
287,石狗镇石狗村,,3,38354890.36,2586681.169
288,石狗镇石狗村,江咀,0,38353796.01,2586695.445
289,石狗镇石狗村,万天~,0,38353299.93,2586764.329
290,石狗镇带下村,陈田,0,38346923.07,2586769.474
291,石狗镇石狗村,河洲塘,0,38351586.23,2586777.696
292,石狗镇石狗村,岭仔岗,0,38354233.57,2586803.381
293,石狗镇石狗村,,0,38354862.05,2586877.653
294,石狗镇石狗村,浪口,3,38353914.77,2586880.892
295,石狗镇都~村,水口,3,38355607.77,2586893.734
296,石狗镇石狗村,,0,38354590.82,2586903.789
297,石狗镇隔岗村,勒菜,0,38342583.82,2586952.782
298,石狗镇石狗村,,3,38355118.82,2586970.45
299,石狗镇石狗村,红卫,3,38354709.15,2587000.107
300,石狗镇石狗村,木岗,3,38354999.16,2587000.738
301,石狗镇石狗村,新寨,0,38353548.23,2587006.383
302,石狗镇石狗村,背后岗,0,38351877.56,2587059.271
303,石狗镇隔岗村,隔岗,3,38342232.21,2587093.09
304,石狗镇都~村,,0,38355649.03,2587096.624
305,石狗镇隔岗村,勒菜,0,38342604.33,2587132.962
306,石狗镇带下村,石巷,0,38345248.27,2587157.435
307,石狗镇石狗村,背后岗,3,38353708.77,2587194.25
308,石狗镇隔岗村,勒菜,0,38342529.35,2587225.99
309,石狗镇都~村,,0,38355566.84,2587237.884
310,石狗镇石狗村,公塘,3,38354056.73,2587259.095
311,石狗镇带下村,塘边,3,38347896.61,2587282.131
312,石狗镇都~村,水口,3,38355853.36,2587292.269
313,石狗镇石狗村,,0,38354975.82,2587306.977
314,石狗镇隔岗村,半坑,0,38341246.12,2587313.332
315,石狗镇带下村,马安,0,38346996.77,2587320.5
316,石狗镇都~村,罗坑,0,38356529.2,2587351.351
317,石狗镇都~村,,0,38355638.97,2587362.694
318,石狗镇隔岗村,勒菜,0,38342430.98,2587371.634
319,石狗镇带下村,对坑,0,38346530.61,2587396.584
320,石狗镇带下村,莫村,0,38348118.45,2587537.122
321,石狗镇石狗村,塘尾,3,38354929.32,2587548.227
322,石狗镇带下村,石巷,0,38344751.77,2587551.262
323,石狗镇都~村,鸡头岗,3,38356642.08,2587596.205
324,石狗镇带下村,邓屋,3,38348109.72,2587745.675
325,石狗镇石狗村,良坳,3,38352676.1,2587763.689
326,石狗镇石狗村,猪仔岗,0,38354062.96,2587886.251
327,石狗镇隔岗村,,0,38342323.12,2587946.405
328,石狗镇都~村,,0,38355177.48,2587979.391
329,石狗镇带下村,粉碧,0,38347963.59,2588007.747
330,黄田镇黎~村,生产用房,0,38348850.74,2588099.114
331,石狗镇都~村,船头岗,3,38355413.99,2588099.263
332,石狗镇带下村,塘坑,0,38348199.01,2588146.963
333,石狗镇隔岗村,上排,0,38341758.5,2588180.332
334,石狗镇都~村,下新屋,0,38356946.86,2588190.207
335,黄田镇黎~村,高~,3,38349127.97,2588196.532
336,石狗镇都~村,都~,3,38356577.74,2588208.425
337,石狗镇隔岗村,安昌,0,38342181.46,2588210.884
338,石狗镇都~村,,0,38354889.64,2588248.674
339,石狗镇石狗村,企田,0,38353816.9,2588278.331
340,石狗镇都~村,下新屋,0,38356820.4,2588327.11
341,石狗镇石狗村,新围塘,0,38352322.44,2588445.197
342,石狗镇石狗村,飞鹅塘,0,38353229.51,2588469.254
343,石狗镇都~村,马脚,0,38354759.5,2588481.27
344,石狗镇隔岗村,墩顶,0,38342168.42,2588534.793
345,石狗镇都~村,企山,3,38357159.24,2588765.805
346,石狗镇都~村,,0,38354447.9,2588771.564
347,石狗镇都~村,,0,38354457.85,2588814.648
348,石狗镇都~村,马头塘,3,38354910.32,2588823.993
349,石狗镇都~村,上新屋,0,38354133.08,2588840.329
350,石狗镇隔岗村,勒菜,0,38341792.98,2588895.05
351,黄田镇黎~村,王岗,0,38348936.43,2588910.748
352,石狗镇都~村,,0,38353568.31,2589052.871
353,石狗镇都~村,凤村,3,38354393.41,2589177.022
354,黄田镇万洞村,黎坑头,3,38350283.29,2589198.641
355,石狗镇隔岗村,凭伞,0,38341516.75,2589394.828
356,下茆镇马陂村,果场大楼,0,38361053.21,2589481.751
357,石狗镇隔岗村,留田,0,38342522.04,2589483.932
358,石狗镇都~村,鸦寮洞,0,38352972.48,2589530.322
359,黄田镇黎~村,新寨,0,38349754.14,2589531.191
360,石狗镇都~村,永红,0,38357745.43,2589538.506
361,下茆镇马陂村,大路沥薄膜厂,0,38360962.69,2589551.491
362,下茆镇马陂村,大路沥石粉厂,0,38361124.4,2589619.163
363,下茆镇马陂村,周良丁猪场,3,38361892.63,2589709.7
364,下茆镇马陂村,,0,38362711.19,2589713.276
365,黄田镇黎~村,黄田学校黎~分教点,0,38349798.44,2589744.259
366,黄田镇万洞村,银平岗,0,38350361.13,2589769.678
367,黄田镇万洞村,,0,38350606.44,2589827.081
368,黄田镇黎~村,旧黎~村委会,0,38349869.38,2589849.891
369,黄田镇万洞村,进步,3,38350870.04,2589862.345
370,石狗镇都~村,,0,38353439.84,2589872.504
371,黄田镇万洞村,旧进步村委会,0,38350474.14,2589898.646
372,石狗镇都~村,,0,38353532.68,2589923.16
373,黄田镇黎~村,生产用房,0,38349812.81,2589927.608
374,黄田镇黎~村,黎~（迳口、石脚）,3,38350020.69,2589991.078
375,石狗镇都~村,,0,38353494.37,2590085.21
376,石狗镇都~村,,0,38353227.38,2590109.444
377,下茆镇下茆村,洲塘村,0,38363855.94,2590125.7
378,龙甫镇蚁田村,,0,38373920.74,2590136.636
379,下茆镇马陂村,杉木岗,0,38361748.76,2590139.296
380,下茆镇马陂村,白木洞村,3,38362344.9,2590139.442
381,石狗镇都~村,,0,38353421.26,2590142.576
382,下茆镇马陂村,竹斗岗新村,0,38361075.68,2590160.852
383,下茆镇马陂村,竹斗岗,0,38361425.75,2590204.61
384,下茆镇马陂村,,0,38361221.44,2590244.894
385,石狗镇都~村,,0,38353306.35,2590246.982
386,下茆镇马陂村,商丰厂,0,38361266.29,2590285.908
387,下茆镇马陂村,,0,38363207.22,2590298.586
388,下茆镇下茆村,排灌站,0,38363904.17,2590303.427
389,下茆镇下茆村,鱼塘建筑物,0,38363969.99,2590309.442
390,下茆镇马陂村,花塘下,0,38361503.53,2590335.144
391,下茆镇马陂村,前进眼堀村,0,38361926.93,2590352.825
392,黄田镇黎~村,住山,3,38348877.38,2590354.608
393,龙甫镇蚁田村,大坑口,3,38373981.37,2590403.689
394,下茆镇马陂村,花树~,0,38361243.42,2590412.154
395,龙甫镇龙头村,未知,0,38370847.2,2590436.142
396,黄田镇燕~村,圣坑,3,38346225.77,2590436.201
397,下茆镇马陂村,,0,38361188.61,2590437.929
398,下茆镇下茆村,旧排灌站,0,38364312.09,2590453.967
399,石狗镇都~村,梅仔坑,3,38357737.39,2590540.165
400,黄田镇黎~村,燕~村委会,0,38348627.32,2590541.353
401,下茆镇马陂村,白木洞电排站,0,38363928.74,2590542.522
402,石狗镇讴坑村,,0,38353678.39,2590543.89
403,黄田镇燕~村,燕~、上坳~,3,38348198.78,2590549.703
404,黄田镇燕~村,黄田学校燕~分教点,3,38348555.02,2590586.988
405,下茆镇下茆村,,0,38363952.53,2590598.808
406,龙甫镇蚁田村,江边一,0,38372503.59,2590599.168
407,龙甫镇蚁田村,江边二、三、四,3,38373020.36,2590606.892
408,黄田镇燕~村,罗鸦岭,0,38343938.01,2590608.899
409,下茆镇马陂村,谷洞电排站,0,38363292.21,2590631.657
410,石狗镇讴坑村,,0,38353702.52,2590650.73
411,黄田镇燕~村,罗鸦岭,0,38344169.5,2590681.145
412,龙甫镇蚁田村,江边四,0,38373192.85,2590701.898
413,石狗镇讴坑村,,0,38353541.83,2590742.893
414,下茆镇马陂村,新道班,0,38361049.3,2590752.6
415,下茆镇马陂村,~仔岗,3,38360911.5,2590780.428
416,黄田镇万洞村,万洞,3,38350296.64,2590824.926
417,龙甫镇龙头村,未知,0,38371675.23,2590844.055
418,龙甫镇龙头村,未知,0,38371771.15,2590847.224
419,龙甫镇市水保站,,3,38369972.15,2590856.581
420,黄田镇燕~村,养兔场,0,38347051.23,2590867.598
421,黄田镇燕~村,下段,0,38344672.25,2590871.116
422,下茆镇马陂村,,0,38363093.59,2590884.163
423,龙甫镇市水保站,,0,38370298.81,2590894.368
424,龙甫镇市水保站,,0,38370287.01,2590952.329
425,黄田镇黎~村,大径,0,38349175.31,2590953.366
426,龙甫镇龙头村,未知,0,38371548.7,2590955.406
427,石狗镇讴坑村,,0,38351856.23,2591005.426
428,龙甫镇市水保站,,0,38370399.51,2591006.292
429,石狗镇讴坑村,新桥（讴坑一）,3,38353888.45,2591022.899
430,石狗镇讴坑村,五村一队,0,38352373.81,2591050.548
431,黄田镇燕~村,星子岗,0,38345250.55,2591071.593
432,黄田镇江头村,分界,3,38351730.53,2591155.321
433,下茆镇马陂村,山马坳,3,38361699.38,2591166.935
434,黄田镇燕~村,虾毫,3,38345981.08,2591167.508
435,下茆镇马陂村,新寨,0,38361462.39,2591186.297
436,龙甫镇市水保站,,0,38370154.16,2591207.387
437,下茆镇马陂村,,0,38360355,2591208.845
438,龙甫镇龙头村,,0,38371375.6,2591222.289
439,龙甫镇市水保站,,0,38370282.43,2591222.93
440,龙甫镇蚁田村,太平坑,3,38374713.88,2591229.21
441,石狗镇讴坑村,（3至4）,0,38353376.39,2591247.561
442,龙甫镇蚁田村,秀~村,0,38373111.39,2591250.182
443,龙甫镇市水保站,,0,38369995.83,2591262.765
444,下茆镇马陂村,瓦元咀,0,38360846.18,2591267.899
445,石狗镇讴坑村,五村,3,38352577.17,2591271.531
446,黄田镇江头村,虾迳塘,3,38351596.96,2591305.3
447,下茆镇马陂村,山口村,3,38360512.02,2591308.502
448,石狗镇讴坑村,（3至4）,0,38353322.98,2591325.969
449,黄田镇万洞村,白石咀石灰场,0,38349435.61,2591332.839
450,黄田镇万洞村,白石咀,0,38349624.71,2591343.708
451,黄田镇燕~村,大陂头,0,38346944.62,2591344.747
452,黄田镇燕~村,生产用房,0,38344404.71,2591348.143
453,黄田镇燕~村,大陂头,0,38346972.17,2591354.614
454,下茆镇马陂村,长江村,3,38361294.25,2591362.314
455,黄田镇江头村,,0,38351638.76,2591364.595
456,黄田镇燕~村,大陂头,0,38347101.17,2591377.605
457,石狗镇讴坑村,元昌（讴坑二）,0,38353842.6,2591379.718
458,黄田镇燕~村,大陂头,3,38346826.53,2591390.845
459,石狗镇讴坑村,（3至4）,0,38353206.03,2591400.959
460,石狗镇讴坑村,（3至4）,0,38352962.08,2591420.964
461,下茆镇马陂村,~咀、大寨,3,38361706.48,2591433.899
462,石狗镇讴坑村,（3至4）,0,38352661.72,2591446.281
463,石狗镇讴坑村,（3至4）,0,38353226.87,2591449.982
464,龙甫镇蚁田村,蚁田一、二,3,38373185.85,2591464.802
465,黄田镇燕~村,罗扶坳,0,38344928.14,2591519.527
466,龙甫镇龙头村,龙头一、二队,3,38370739.38,2591529.78
467,龙甫镇蚁田村,星仔岗,3,38374297,2591534.508
468,黄田镇燕~村,罗扶坳,0,38344791.37,2591537.148
469,黄田镇江头村,流塘口,3,38351271.62,2591551.34
470,龙甫镇蚁田村,进田坑,0,38372843.76,2591551.471
471,龙甫镇蚁田村,江咀,0,38372176.41,2591578.99
472,下茆镇马陂村,江寨,0,38361877.39,2591647.767
473,黄田镇江头村,鱼塘生产用房,0,38350965.72,2591648.474
474,石狗镇讴坑村,讴坑三村,0,38354405.31,2591658.316
475,下茆镇马陂村,马陂村委,0,38362271.61,2591664.894
476,黄田镇江头村,鱼塘生产用房,0,38351116.87,2591674.699
477,石狗镇讴坑村,五村二队,0,38352816.89,2591702.106
478,下茆镇马陂村,东霖小学,0,38362223.01,2591704.456
479,下茆镇下茆村,旧水利会,0,38362579.14,2591736.418
480,石狗镇讴坑村,讴坑村（讴坑四）,3,38354299.79,2591769.552
481,黄田镇江头村,,3,38350026.04,2591774.133
482,黄田镇江头村,,0,38350513.65,2591780.837
483,龙甫镇水口村,,0,38367179.7,2591784.695
484,龙甫镇龙头村,龙头~,3,38371343.73,2591811.041
485,下茆镇下茆村,丁村、大巷坊、江脊、新塘村、下堀、下茆,3,38363639.01,2591847.638
486,龙甫镇龙头村,塘坑咀,3,38371090.01,2591873.555
487,龙甫镇水口村,未知,0,38365370.36,2591907.373
488,黄田镇江头村,永富园,0,38349712.92,2591935.879
489,下茆镇马陂村,大路坪,3,38360912.69,2591941.725
490,龙甫镇龙头村,马步~,3,38370555.85,2591947.944
491,黄田镇江头村,,3,38350376.72,2591948.687
492,黄田镇江头村,,0,38350190.15,2591954.751
493,龙甫镇蚁田村,,0,38372174.6,2591987.485
494,下茆镇下茆村,楼脚~寨旧村,0,38363158.05,2591993.99
495,黄田镇江头村,,0,38350009.23,2592007.491
496,龙甫镇蚁田村,,0,38372594.59,2592033.608
497,龙甫镇蚁田村,虎板坑,3,38374923.02,2592072.197
498,龙甫镇龙头村,,0,38371538.3,2592082.027
499,下茆镇上茆村,上、下长龙村,0,38358725.19,2592153.366
500,下茆镇下茆村,,0,38362857.46,2592154.682
501,下茆镇下茆村,楼脚~寨新村,0,38363068.37,2592158.64
502,下茆镇马陂村,蛇头岗果坊,0,38361863.36,2592178.547
503,黄田镇西岸村,龙塘电排站,0,38348838.17,2592184.885
504,黄田镇江头村,,0,38350307.35,2592196.588
505,黄田镇燕~村,平头~,0,38344703.7,2592196.834
506,下茆镇下茆村,大巷坊粮仓,0,38364506.05,2592209.737
507,下茆镇下茆村,楼脚~寨新村,0,38363034.35,2592211.322
508,下茆镇上茆村,下布~村,3,38358240.76,2592231.404
509,龙甫镇蚁田村,,0,38371908.46,2592237.195
510,黄田镇江头村,江贝尾,0,38349567.73,2592239.469
511,下茆镇下茆村,知青楼,0,38364494.21,2592245.203
512,下茆镇上茆村,黎坑村,0,38358375.24,2592248.774
513,下茆镇下茆村,加油站,0,38362983.37,2592254.96
514,下茆镇下茆村,木厂,0,38364559.45,2592257.375
515,黄田镇燕~村,竹迳新村,0,38346027,2592259.976
516,黄田镇江头村,大办山,0,38349751.79,2592277.011
517,黄田镇燕~村,黄坑,3,38343359.94,2592279.165
518,黄田镇西岸村,龙塘,0,38348729.1,2592288.209
519,下茆镇马陂村,高~咀,0,38361251.98,2592308.24
520,龙甫镇龙头村,德岗,3,38369822.14,2592319.641
521,龙甫镇水口村,未知,0,38366598.51,2592321.316
522,黄田镇燕~村,竹迳村旧村,0,38345729.21,2592337.385
523,黄田镇江头村,新兴村,0,38350459.38,2592376.842
524,下茆镇下茆村,下茆村委会,0,38363002.83,2592386.372
525,下茆镇马陂村,高~咀晒地,0,38361331.95,2592409.295
526,黄田镇江头村,江贝美,3,38349461.09,2592418.613
527,龙甫镇蚁田村,新村,3,38372991.2,2592420.098
528,下茆镇楼脚村,~寨村,0,38363005.48,2592420.204
529,黄田镇燕~村,碗坑,0,38344848.19,2592423.605
530,下茆镇上茆村,欧东村,0,38358996.2,2592425.235
531,下茆镇上茆村,金鸡咀,0,38359385.65,2592426.869
532,龙甫镇水口村,未知,3,38368903.84,2592439.304
533,黄田镇江头村,鱼塘生产用房（鸡仔屈路口）,0,38350797.8,2592442.839
534,下茆镇楼脚村,,0,38363245.1,2592451.021
535,下茆镇楼脚村,~寨村,0,38363006.39,2592452.869
536,龙甫镇龙头村,,3,38370820.4,2592474.448
537,黄田镇西岸村,潭坑,0,38348650.87,2592483.864
538,龙甫镇龙头村,披头岗,3,38369711.64,2592513.059
539,石狗镇讴坑村,讴坑五村,0,38354916.85,2592515.41
540,龙甫镇水口村,寺贝,3,38366030.58,2592518.009
541,黄田镇江头村,江贝美,0,38349526.45,2592518.9
542,下茆镇马陂村,长龙、红旗村,3,38361083.32,2592535.268
543,黄田镇江头村,,0,38349331.58,2592542.633
544,下茆镇马陂村,白石坑,0,38361291.27,2592560.764
545,下茆镇上茆村,邝村,3,38359593.28,2592564.707
546,黄田镇江头村,鸡仔屈,0,38350519.76,2592594.476
547,龙甫镇水口村,未知,0,38367951.24,2592606.666
548,黄田镇燕~村,生产用房,0,38345050.34,2592650.219
549,黄田镇江头村,生产用房,0,38349143.13,2592662.188
550,下茆镇上茆村,张家村,0,38358514.75,2592681.091
551,下茆镇上茆村,邝村,0,38359851.57,2592681.751
552,石狗镇讴坑村,八村一队,0,38353347.82,2592688.456
553,龙甫镇白石塘村,,3,38371216.94,2592696.32
554,龙甫镇水口村,仁厚,3,38367861.26,2592700.481
555,龙甫镇水口村,未知,3,38367217.74,2592711.187
556,下茆镇楼脚村,楼脚大村,0,38364279.93,2592720.313
557,黄田镇江头村,杉坪,0,38349533.72,2592737.653
558,黄田镇江头村,黄狗浪,0,38350976.88,2592738.014
559,下茆镇上茆村,田心村,0,38359404.56,2592747.834
560,黄田镇燕~村,仓前,3,38344896.15,2592752.241
561,黄田镇燕~村,原黄田学校小水分教点,0,38345040.22,2592773.403
562,黄田镇江头村,江咀,0,38351355.87,2592777.606
563,下茆镇下茆村,下茆工业区,0,38364142.04,2592782.196
564,黄田镇江头村,,0,38349282.08,2592786.285
565,龙甫镇水口村,未知,3,38367354.88,2592792.804
566,龙甫镇水口村,未知,0,38366396.47,2592793.645
567,黄田镇江头村,江咀,0,38351181.84,2592806.939
568,黄田镇江头村,黄洞咀,3,38350835.28,2592812.084
569,龙甫镇水口村,未知,0,38368808.05,2592819.545
570,石狗镇讴坑村,讴坑六村,3,38354995.67,2592822.222
571,下茆镇楼脚村,楼脚大村,3,38363143.17,2592823.681
572,黄田镇江头村,杉坪,0,38349561.43,2592836.235
573,黄田镇江头村,下寨,3,38349411.83,2592838.136
574,下茆镇楼脚村,,3,38362706.04,2592856.16
575,黄田镇江头村,顺冲坑生产用房,0,38349157.08,2592861.643
576,下茆镇楼脚村,,3,38364207.41,2592862.333
577,龙甫镇水口村,未知,0,38366156.5,2592884.705
578,下茆镇楼脚村,~寨村,0,38364545.85,2592889.608
579,黄田镇江头村,石坳,0,38351525.96,2592910.165
580,黄田镇江头村,顺冲坑,0,38349139.45,2592913.044
581,下茆镇上茆村,江氪,0,38358547.99,2592913.374
582,黄田镇燕~村,丰凡~,0,38344957.61,2592952.367
583,黄田镇江头村,旧沙塘坑小学,0,38351143.35,2592959.237
584,黄田镇江头村,粟仔岗(生产用房),0,38349307.49,2592966.681
585,龙甫镇水口村,未知,0,38368775.32,2592975.958
586,龙甫镇水口村,寺贝,3,38366296.65,2592976.879
587,龙甫镇龙头村,,0,38370887.79,2592992.064
588,黄田镇江头村,塘仔口,0,38351049.51,2592998.35
589,黄田镇燕~村,罗望,0,38345121.79,2593000.394
590,黄田镇江头村,下寨新村,0,38349534.26,2593001.688
591,龙甫镇水口村,未知,0,38366173.56,2593008.243
592,黄田镇江头村,黄竹塘,0,38349908.43,2593038.466
593,黄田镇江头村,顺冲坑,0,38349135.46,2593042.041
594,黄田镇燕~村,坑仔洞,0,38344504.04,2593056.491
595,黄田镇西岸村,潭坑美,0,38348082.35,2593062.512
596,下茆镇上茆村,欧村、麦村、牛岗村,3,38358697.06,2593063.291
597,黄田镇燕~村,~仔,0,38344784.24,2593068.655
598,黄田镇江头村,粟仔岗,0,38349237.45,2593073.677
599,龙甫镇水口村,未知,0,38366615.28,2593082.221
600,黄田镇江头村,,0,38350823.18,2593082.589
601,下茆镇楼脚村,~寨村,3,38364244.05,2593086.087
602,黄田镇江头村,,0,38350839.92,2593087.041
603,下茆镇楼脚村,,3,38363972.45,2593097.157
604,黄田镇江头村,生产用房,0,38351515.46,2593099.952
605,石狗镇讴坑村,讴坑七（新屋）,0,38355111.32,2593100.942
606,下茆镇上茆村,黎寨、谭巷村,3,38359059.14,2593101.364
607,龙甫镇龙头村,未知,0,38370129.94,2593113.727
608,下茆镇楼脚村,,3,38362736.35,2593126.727
609,龙甫镇白石塘村,,0,38371047.26,2593129.836
610,龙甫镇水口村,未知,3,38366084.33,2593146.667
611,黄田镇江头村,旧加油站,0,38349166.9,2593177.775
612,下茆镇楼脚村,,0,38362953.83,2593184.01
613,下茆镇上茆村,龙陈、龙宋村,0,38359058.6,2593204.317
614,黄田镇燕~村,坑仔洞,0,38344477.53,2593214.565
615,龙甫镇白石塘村,未知,0,38370131.86,2593219.873
616,下茆镇楼脚村,~寨村,0,38364391.16,2593224.143
617,黄田镇江头村,沙塘坑,3,38351568.36,2593235.322
618,黄田镇江头村,上寨、上屈寨,3,38349424.48,2593237.196
619,下茆镇楼脚村,,0,38363849.9,2593239.343
620,黄田镇江头村,江头村委会,0,38349258.21,2593240.318
621,黄田镇江头村,上寨,0,38349314.69,2593301.319
622,龙甫镇白石塘村,未知,0,38371130.76,2593319.864
623,黄田镇西岸村,西岸电排站,0,38348602.02,2593322.72
624,黄田镇江头村,沙塘坑,0,38351410.72,2593330.552
625,龙甫镇白石塘村,未知,0,38370380.04,2593339.169
626,石狗镇讴坑村,八村（二至七）,3,38353542.21,2593344.561
627,下茆镇楼脚村,楼脚大村,3,38362793.81,2593360.842
628,下茆镇石罗村,石龙联队,3,38360000.09,2593362.112
629,下茆镇楼脚村,寺尾村,3,38362374.04,2593409.228
630,龙甫镇白石塘村,,0,38371285.08,2593439.656
631,石狗镇讴坑村,讴坑八村,0,38355393.12,2593445.365
632,下茆镇蒲洞村,公湾村,0,38356704.99,2593460.036
633,黄田镇燕~村,龙带、旱窝屈,3,38344469.52,2593471.974
634,下茆镇南塘村,红卫三村,3,38364643.18,2593479.959
635,龙甫镇蚁田村,,3,38373265.85,2593499.236
636,龙甫镇白石塘村,未知,0,38370338.61,2593505.444
637,下茆镇楼脚村,,0,38363276.95,2593514.184
638,龙甫镇蚁田村,,0,38373015.77,2593555.227
639,龙甫镇水口村,未知,0,38366178.42,2593560.174
640,下茆镇石罗村,下巷村,0,38360051.34,2593568.927
641,黄田镇江头村,,0,38350251.94,2593587.537
642,黄田镇江头村,,0,38350409.18,2593629.129
643,龙甫镇水口村,未知,3,38366652.46,2593632.545
644,黄田镇江头村,,0,38349318.16,2593644.174
645,下茆镇上茆村,大洞村,3,38359191.73,2593653.576
646,下茆镇楼脚村,,0,38364073.94,2593685.04
647,下茆镇楼脚村,,0,38364191.61,2593687.368
648,黄田镇西岸村,社岗,0,38348681.46,2593701.638
649,龙甫镇白石塘村,白石塘九队,3,38368213.21,2593714.693
650,下茆镇南塘村,红卫二村,0,38364549.64,2593723.448
651,黄田镇燕~村,生产用房,0,38344378.56,2593724.917
652,石狗镇讴坑村,讴坑九队,0,38355418.45,2593794.626
653,龙甫镇白石塘村,未知,0,38372357.06,2593795.41
654,下茆镇蒲洞村,乌石村,3,38356807.76,2593798.633
655,下茆镇楼脚村,寺尾村,0,38362473.06,2593800.326
656,下茆镇楼脚村,,0,38363053.22,2593809.438
657,龙甫镇水口村,,0,38365903.97,2593835.719
658,黄田镇江头村,厂房,0,38349382.82,2593853.602
659,下茆镇楼脚村,寺尾村,3,38362559.75,2593856.563
660,下茆镇石罗村,石罗小学,0,38360671.31,2593866.356
661,龙甫镇白石塘村,,0,38370179.48,2593867.825
662,龙甫镇水口村,,0,38365903.24,2593870.037
663,下茆镇南塘村,红卫一村,3,38364639.5,2593873.351
664,下茆镇楼脚村,,0,38362425.27,2593882.712
665,下茆镇石罗村,石罗村委会,0,38360939.22,2593907.991
666,石狗镇讴坑村,,0,38356002.58,2593912.475
667,下茆镇南塘村,,0,38364368.66,2593914.11
668,下茆镇石罗村,洗水厂,0,38361068.22,2593919.828
669,龙甫镇白石塘村,,3,38372301.56,2593921.036
670,下茆镇南塘村,,0,38364378.12,2593931.4
671,下茆镇上茆村,迳口村,0,38358276.37,2593933.96
672,下茆镇楼脚村,高龙村,0,38362141.48,2593957.647
673,下茆镇石罗村,松香厂,0,38361177.34,2593990.326
674,下茆镇石罗村,桃子园,0,38360026.51,2594000.517
675,下茆镇楼脚村,,0,38362676.57,2594002.305
676,迳口镇南乡村,孔下岭,3,38375852.1,2594004.445
677,龙甫镇白石塘村,六村二队,3,38370535.99,2594004.56
678,龙甫镇白石塘村,未知,0,38372045.85,2594072.717
679,下茆镇石罗村,三乐猪场,0,38360605.9,2594082.495
680,下茆镇石罗村,,3,38361179.34,2594098.827
681,龙甫镇水口村,洪塘,3,38366442.17,2594109.688
682,下茆镇石罗村,,0,38360929.41,2594115.145
683,下茆镇南塘村,新华村,3,38364775.15,2594126.168
684,下茆镇石罗村,桃子园,0,38359980.71,2594128.47
685,龙甫镇白石塘村,,0,38369882.34,2594139.523
686,下茆镇楼脚村,高龙村,3,38362110.81,2594142.689
687,迳口镇南乡村,凤凰村,3,38375295.22,2594142.87
688,龙甫镇白石塘村,未知,0,38371815.62,2594143.366
689,黄田镇江头村,厂房,0,38349701.21,2594148.074
690,龙甫镇白石塘村,白石塘八队,0,38368351.41,2594149.878
691,下茆镇石罗村,桃子园,0,38359965.18,2594154.145
692,龙甫镇白石塘村,白石塘七队,3,38369375.2,2594159.231
693,下茆镇楼脚村,高龙村,0,38362493.95,2594181.858
694,下茆镇上茆村,迳口村,0,38358217.42,2594189.229
695,下茆镇上茆村,六山村,0,38358506.32,2594259.556
696,下茆镇石罗村,龙二村,0,38360402.13,2594260.173
697,龙甫镇白石塘村,禄村一、二、三、四队,3,38370473.42,2594277.897
698,龙甫镇水口村,未知,0,38366009.24,2594287.687
699,下茆镇南塘村,电排二战,0,38364799.32,2594306.499
700,黄田镇西岸村,西岸,0,38348842.54,2594315.545
701,下茆镇石罗村,卫生站,0,38360349.22,2594321.529
702,龙甫镇白石塘村,未知,0,38367626.54,2594342.818
703,龙甫镇白石塘村,六村四队,0,38370907.09,2594346.767
704,龙甫镇白石塘村,村委会,0,38369774.9,2594349.539
705,龙甫镇水口村,未知,0,38367599.81,2594350.689
706,黄田镇黄田村,,0,38349841.41,2594351.732
707,下茆镇石罗村,过路村,3,38359675.45,2594367.238
708,龙甫镇白石塘村,白石塘五、六队,3,38368957.05,2594371.857
709,龙甫镇白石塘村,新罗村,3,38368666.1,2594376.724
710,下茆镇石罗村,佳奕村,0,38359892.95,2594381.289
711,龙甫镇白石塘村,未知,0,38367685.53,2594383.708
712,石狗镇讴坑村,讴坑十村,0,38355736.85,2594394.292
713,下茆镇南塘村,下岗咀新村,3,38364773.42,2594399.361
714,龙甫镇白石塘村,白石塘五、六队,3,38369512.57,2594412.673
715,下茆镇楼脚村,,0,38362863.7,2594425.72
716,下茆镇上茆村,带子山村,0,38358922.57,2594434.17
717,黄田镇西岸村,西岸,0,38348986.41,2594438.337
718,龙甫镇白石塘村,,0,38369897.87,2594439.811
719,下茆镇楼脚村,,0,38362983.2,2594454.876
720,下茆镇蒲洞村,蒲洞村委会,0,38357599.73,2594461.568
721,下茆镇石罗村,何田村、罗汉村,3,38360772.04,2594470.522
722,黄田镇黄田村,向阳,0,38349986.17,2594478.518
723,下茆镇石罗村,吴村,0,38361021.92,2594550.054
724,下茆镇楼脚村,,0,38362594.26,2594567.2
725,下茆镇蒲洞村,白石洞,0,38357704.25,2594570.266
726,石狗镇讴坑村,,0,38356104.43,2594572.852
727,下茆镇蒲洞村,丰山口村,3,38357351.78,2594576.642
728,下茆镇蒲洞村,丰山口村,0,38357273.67,2594623.083
729,黄田镇西岸村,西岸,3,38348852.94,2594623.28
730,黄田镇黄田村,,0,38349857.75,2594647.585
731,黄田镇黄田村,鱼塘生产用房,0,38350691.63,2594680.679
732,龙甫镇白石塘村,,0,38369726.8,2594693.939
733,下茆镇蒲洞村,旧学校,0,38357765.37,2594705.805
734,迳口镇南乡村,松子村,3,38375555.5,2594709.666
735,龙甫镇水口村,未知,0,38366515.06,2594711.498
736,黄田镇西岸村,大坑岗,3,38347100.81,2594731.501
737,江谷镇旺塘村,非自然村,0,38362362.38,2594733.334
738,迳口镇南乡村,东来村,0,38373976.37,2594756.041
739,黄田镇黄田村,,0,38349762.76,2594756.332
740,黄田镇西岸村,西岸村委会,0,38349258.99,2594765.154
741,黄田镇黄田村,下岗,3,38350479.19,2594769.367
742,龙甫镇白石塘村,白石塘四队,0,38369205.01,2594782.774
743,下茆镇石罗村,谢村,0,38360566.18,2594787.533
744,下茆镇南塘村,下江咀,3,38364678.01,2594803.573
745,龙甫镇白石塘村,白石塘四队,3,38368928.12,2594831.654
746,迳口镇南乡村,麻子村、牛眠村,3,38374412.36,2594843.934
747,龙甫镇白石塘村,未知,0,38367663.73,2594847.17
748,黄田镇黄田村,,0,38349945.75,2594870.643
749,黄田镇西岸村,旧纸厂,0,38346539.23,2594885.092
750,下茆镇蒲洞村,军坑鸡场,0,38357875.4,2594910.92
751,下茆镇石罗村,上肖村,3,38360665.75,2594941.7
752,龙甫镇白石塘村,三角塘四队,3,38370307.7,2594955.099
753,黄田镇西岸村,三不坳,0,38346929,2594991.234
754,下茆镇南塘村,仙子头村,3,38364504.48,2595015.234
755,迳口镇南乡村,麻子村,0,38374510.16,2595019.181
756,黄田镇黄田村,黄田旧墟,0,38349691.36,2595030.473
757,黄田镇黄田村,村心,3,38351982.28,2595039.288
758,黄田镇黄田村,旧纸厂,0,38352247.48,2595053.54
759,黄田镇黄田村,上岗、社咀,3,38350134.84,2595058.468
760,黄田镇黄田村,,0,38349764.36,2595062.915
761,下茆镇蒲洞村,军坑村,0,38358050.1,2595071.539
762,迳口镇南乡村,旧村,3,38374910.82,2595080.17
763,龙甫镇白石塘村,,0,38367592.4,2595088.866
764,龙甫镇白石塘村,,0,38367693.2,2595098.823
765,龙甫镇白石塘村,白石塘二队,0,38368996.36,2595114.954
766,黄田镇黄田村,村心,0,38352064.62,2595118.327
767,黄田镇黄田村,旧纸厂、王爷庙,0,38351551.77,2595148.432
768,龙甫镇白石塘村,三角塘四队,3,38370460.76,2595170.406
769,黄田镇黄田村,姓刘寨,0,38352068.08,2595175.561
770,江谷镇旺塘村,黄李村,3,38361960.07,2595193.978
771,黄田镇黄田村,牛眠,0,38352490.84,2595202.517
772,下茆镇南塘村,,0,38366185.24,2595209.31
773,江谷镇旺塘村,非自然村,0,38362401.44,2595214.765
774,黄田镇黄田村,姓马寨、牛眠,0,38352367.58,2595216.891
775,黄田镇黄田村,红星村,3,38349651.01,2595235.083
776,龙甫镇白石塘村,白石塘二队,0,38369181.63,2595239.143
777,黄田镇黄田村,三间屋,0,38351519.19,2595258.181
778,下茆镇石罗村,崩下村,3,38360642.32,2595263.169
779,下茆镇蒲洞村,三坝村,0,38357935.44,2595290.085
780,黄田镇黄田村,章坑桥,0,38350992.34,2595327.628
781,下茆镇石罗村,李宅村,0,38359952.32,2595331.184
782,黄田镇黄田村,红星,0,38349694.35,2595333.036
783,黄田镇黄田村,先生塘,0,38347886.39,2595336.897
784,龙甫镇白石塘村,未知,0,38371220,2595348.282
785,龙甫镇白石塘村,未知,0,38371217.89,2595364.1
786,龙甫镇白石塘村,白石塘一、二队,3,38369066.96,2595375.833
787,龙甫镇白石塘村,白石塘三队,0,38369350.06,2595381.668
788,江谷镇旺塘村,陈村、马村,0,38361836.19,2595403.873
789,黄田镇黄田村,荔枝岗,0,38348347.75,2595408.273
790,龙甫镇白石塘村,,0,38369283.18,2595455.574
791,黄田镇黄田村,章坑,0,38351300.62,2595459.139
792,黄田镇黄田村,旧纸厂,0,38350988.1,2595461.647
793,黄田镇西岸村,麦塘口,3,38347386.71,2595481.039
794,下茆镇石罗村,扬宅,0,38360103.82,2595483.156
795,下茆镇南塘村,大寨村,3,38364866.29,2595497.268
796,黄田镇西岸村,麦塘肚,0,38347231.11,2595501.791
797,黄田镇黄田村,石羊坑,0,38352941.76,2595502.385
798,黄田镇黄田村,洛口村,0,38349085.38,2595507.576
799,下茆镇蒲洞村,大寨三、四队,0,38358093.72,2595513.727
800,黄田镇黄田村,庙,0,38352742.08,2595548.052
801,黄田镇黄田村,坟山头,0,38348271.68,2595576.946
802,下茆镇南塘村,火~咀,3,38363878.01,2595583.983
803,黄田镇黄田村,旧供销社,0,38352735.11,2595615.062
804,下茆镇南塘村,电排一站,0,38365518.46,2595619.284
805,下茆镇蒲洞村,大寨一、二队,0,38358105.01,2595625.704
806,下茆镇南塘村,南田村,0,38366593.35,2595634.673
807,下茆镇石罗村,下寨村,0,38360216.17,2595640.131
808,迳口镇南乡村,罗口村,3,38373696.41,2595641.317
809,黄田镇西岸村,养鸡场,0,38347082.19,2595651.019
810,石狗镇讴坑村,集群,3,38354908.83,2595669.922
811,迳口镇南乡村,,0,38375200.05,2595709.836
812,黄田镇黄田村,洛口村,3,38348705.94,2595730.733
813,江谷镇旺塘村,非自然村,0,38361965.11,2595773.979
814,下茆镇南塘村,江寨村,3,38364964.97,2595777.817
815,黄田镇黄田村,饭店,0,38348640.27,2595792.617
816,江谷镇旺塘村,非自然村,0,38362185.07,2595798.94
817,江谷镇旺塘村,非自然村,0,38362089.26,2595808.287
818,龙甫镇白石塘村,三角塘二、三、四队,3,38370823.39,2595816.288
819,江谷镇旺塘村,非自然村,0,38361683.82,2595821.217
820,黄田镇黄田村,洛口村,3,38348877.69,2595821.269
821,黄田镇黄田村,新兴屋,0,38348274.74,2595825.472
822,黄田镇黄田村,竹厂,0,38348546.67,2595837.723
823,黄田镇黄田村,洞心,0,38352976.31,2595841.991
824,龙甫镇白石塘村,麦~村,3,38371631.84,2595845.78
825,迳口镇南乡村,三马~、新田村,0,38373198.75,2595853.19
826,下茆镇南塘村,江寨村,0,38364884.7,2595860.448
827,下茆镇南塘村,华布村,3,38366084.28,2595876.205
828,黄田镇黄田村,下洞,0,38347910.95,2595894.746
829,下茆镇石罗村,丰坑口村委,0,38360220.79,2595895.268
830,黄田镇黄田村,白马~、水洞坑,3,38352800.27,2595896.248
831,黄田镇黄田村,旧加油站,0,38348380.2,2595897.329
832,下茆镇石罗村,门楼村,3,38360451.98,2595906.175
833,黄田镇黄田村,洛口村,0,38348669.57,2595921.474
834,下茆镇石罗村,旱塘村,0,38360061.88,2595923.11
835,下茆镇蒲洞村,隔坑口村,3,38358216.77,2595923.552
836,下茆镇南塘村,新华村,0,38365375.87,2595932.327
837,下茆镇石罗村,维洲村,0,38360668.02,2595935.801
838,黄田镇黄田村,旧水洞坑村,0,38352511.94,2595953.385
839,下茆镇南塘村,南塘油厂,0,38365283.31,2595956.434
840,下茆镇南塘村,南塘砖厂,0,38365179.34,2595977.476
841,下茆镇南塘村,新华村,0,38365346.05,2596019.41
842,下茆镇南塘村,三岗崩,0,38366818.75,2596030.271
843,下茆镇南塘村,南田新村,3,38366624.72,2596030.95
844,黄田镇西岸村,马迳、石寨,0,38347518.12,2596047.422
845,下茆镇石罗村,黎元村,0,38360142.86,2596054.975
846,下茆镇南塘村,仙子新村,0,38365394.05,2596062.864
847,江谷镇旺塘村,非自然村,0,38361327.01,2596075.359
848,江谷镇黎寨村,瓦窑村,0,38363329.59,2596083.415
849,江谷镇旺塘村,非自然村,0,38361920.27,2596084.14
850,黄田镇黄田村,生产用房,0,38353008.01,2596090.997
851,江谷镇旺塘村,非自然村,0,38362046.17,2596137.848
852,黄田镇黄田村,榄洞一村,0,38353290.43,2596150.77
853,江谷镇旺塘村,清荣、斗竹,3,38362570.88,2596156.747
854,下茆镇南塘村,张寨村,0,38365823.3,2596160.307
855,下茆镇南塘村,新屋村,3,38364944.47,2596193.179
856,下茆镇石罗村,大~村,3,38360710.59,2596195.845
857,下茆镇南塘村,新兴村,0,38366986.47,2596236.174
858,下茆镇南塘村,新华村,0,38367518.35,2596241.037
859,迳口镇北乡村,上寨村,0,38376955.51,2596247.995
860,迳口镇南乡村,尤鱼村,0,38373048.46,2596285.465
861,江谷镇黎寨村,瓦窑村（吴府）,0,38363504.33,2596293.092
862,江谷镇旺塘村,门楼,3,38362244.05,2596332.238
863,迳口镇北乡村,官田村,3,38375875.47,2596354.371
864,迳口镇北乡村,连塘村,0,38376525.93,2596385.673
865,黄田镇黄田村,石子迳,0,38348152.74,2596392.226
866,黄田镇西岸村,春长见,0,38347399.73,2596404.411
867,江谷镇旺塘村,丁村,0,38361975.45,2596407.84
868,龙甫镇白石塘村,,0,38368702.8,2596420.089
869,下茆镇南塘村,水衣塘,3,38367612.32,2596431.133
870,下茆镇南塘村,水寨村,3,38366015.91,2596431.34
871,下茆镇南塘村,六园咀,0,38365024.99,2596446.691
872,迳口镇北乡村,方~村,3,38375289.66,2596491.116
873,黄田镇西岸村,马迳新村,0,38347654.74,2596499.948
874,下茆镇南塘村,苗~地堂,0,38365609.59,2596525.621
875,江谷镇黎寨村,非自然村（猪栏）,0,38363443.28,2596560.722
876,江谷镇旺塘村,林村,0,38361030.68,2596561.365
877,下茆镇南塘村,苗~村,0,38365629.8,2596588.008
878,江谷镇黎寨村,非自然村（猪栏）,0,38362628.74,2596594.678
879,迳口镇北乡村,联红村,0,38376885.13,2596598.335
880,江谷镇黎寨村,非自然村（猪栏）,0,38363372.62,2596618.626
881,下茆镇南塘村,江尾村,3,38365202.15,2596631.953
882,江谷镇黎寨村,非自然村,0,38362499.52,2596674.341
883,下茆镇石罗村,水管站,0,38360169.77,2596683.914
884,黄田镇西岸村,正坑,0,38347243.74,2596722.797
885,江谷镇黎寨村,非自然村,0,38363917.54,2596744.452
886,迳口镇北乡村,新丰村、永忠村、联红村,3,38376967.32,2596747.69
887,下茆镇龙湾村,六村,3,38366749.13,2596751.487
888,江谷镇旺塘村,,0,38360837.16,2596755.204
889,江谷镇旺塘村,布咀,0,38361446.41,2596764.882
890,下茆镇渔云村,麻布一、二村,0,38368993.54,2596775.147
891,江谷镇黎寨村,非自然村,0,38362883.51,2596781.16
892,下茆镇南塘村,南塘荣华厂,0,38365550.43,2596790.753
893,黄田镇西岸村,正坑,0,38347317.95,2596798.529
894,迳口镇北乡村,新屋村、旺布村,3,38375199.5,2596809.394
895,迳口镇北乡村,泥赤村,0,38375708.9,2596812.062
896,迳口镇迳口村,迳口镇政府,3,38378454.23,2596836.07
897,江谷镇旺塘村,非自然村,0,38361411.44,2596843.541
898,下茆镇南塘村,,0,38364077.25,2596851.918
899,迳口镇南乡村,榄树村,3,38372619.63,2596868.502
900,下茆镇南塘村,公路养护队,0,38365616.45,2596875.548
901,江谷镇黎寨村,非自然村（康荣厂）,0,38362422.77,2596884.216
902,下茆镇龙湾村,西鸦村,0,38365480.67,2596898.626
903,下茆镇南塘村,孙坳村,3,38365194.96,2596899.696
904,迳口镇北乡村,新丰村,0,38376764.18,2596906.453
905,江谷镇黎寨村,非自然村（康荣厂）,3,38362307.86,2596919.297
906,江谷镇黎寨村,非自然村,0,38362113.11,2596930.326
907,下茆镇南塘村,,0,38364686.89,2596938.73
908,迳口镇南乡村,佃田村,0,38372244.31,2596939.214
909,江谷镇黎寨村,长江村,0,38363499.89,2596957.631
910,江谷镇黎寨村,太平村,3,38362810.47,2596960.038
911,江谷镇旺塘村,大发,3,38360915.78,2596965.273
912,下茆镇龙湾村,西鸦村,0,38365590.62,2596971.718
913,下茆镇渔云村,油榨磅,0,38370866.16,2596973.614
914,黄田镇西岸村,讴公塘,0,38347762.97,2596973.957
915,迳口镇北乡村,赤坳村,3,38374627.27,2596981.192
916,江谷镇旺塘村,范村,0,38361587.96,2596984.117
917,江谷镇黎寨村,太平村（西村）,0,38362637.22,2596999.726
918,江谷镇黎寨村,非自然村,0,38362213.95,2597020.246
919,下茆镇渔云村,大~,0,38369853.32,2597029.457
920,下茆镇石罗村,,0,38359608.56,2597037.025
921,迳口镇北乡村,泥赤二村,3,38375792.13,2597045.724
922,迳口镇迳口村,迳口镇政府、迳口村委会,3,38379037.2,2597048.901
923,下茆镇下黄岗村,坑尾,0,38357233.41,2597051.646
924,下茆镇下黄岗村,邱家,0,38356940.87,2597054.899
925,下茆镇南塘村,,0,38365160.27,2597097.35
926,下茆镇石罗村,,0,38359532.04,2597117.473
927,江谷镇旺塘村,非自然村,0,38360990.36,2597118.998
928,江谷镇黎寨村,非自然村,0,38362189.06,2597121.137
929,下茆镇渔云村,麻布一、二村,0,38368958.39,2597128.564
930,下茆镇石罗村,大山尾,0,38359557.41,2597129.324
931,黄田镇西岸村,讴公塘,3,38347833.58,2597129.454
932,江谷镇旺塘村,大寨、乡村,3,38360811.7,2597154.99
933,下茆镇南塘村,,0,38365043.2,2597166.983
934,下茆镇渔云村,麻布一、二村,3,38369695.74,2597168.475
935,下茆镇龙湾村,,3,38365341.44,2597198.704
936,迳口镇迳口村,迳口镇政府,0,38379688.75,2597214.567
937,下茆镇龙湾村,,0,38365703.86,2597228.394
938,迳口镇迳口村,迳口镇政府,0,38379467.37,2597236.543
939,下茆镇下黄岗村,佰里坑,0,38357147.06,2597245.314
940,江谷镇清平村,大窝江,3,38361441.06,2597281.025
941,下茆镇下黄岗村,克坑,0,38357357.57,2597287.869
942,迳口镇南乡村,沙迳~村,0,38371744.22,2597304.759
943,迳口镇迳口村,深沥村,3,38378614.97,2597307.28
944,下茆镇南塘村,,0,38363993.98,2597313.011
945,下茆镇渔云村,,0,38369847.53,2597343.342
946,下茆镇下黄岗村,永兴,3,38357040.12,2597344.094
947,下茆镇江明村,,3,38364347.84,2597351.802
948,江谷镇黎寨村,非自然村（猪栏）,0,38363416.81,2597352.133
949,下茆镇江明村,,0,38364085.58,2597357.542
950,江谷镇黎寨村,增村（下增）,3,38362830.91,2597382.001
951,迳口镇北乡村,小隘村,3,38373723.05,2597398.42
952,下茆镇渔云村,油榨磅,3,38371467.98,2597438.364
953,江谷镇黎寨村,井气口村,0,38361890.74,2597453.218
954,下茆镇渔云村,新围村,3,38367582.4,2597462.799
955,迳口镇北乡村,坭赤一村,0,38376470.86,2597465.183
956,江谷镇黎寨村,洋~村,3,38363184.2,2597466.933
957,江谷镇黎寨村,五一村,0,38362058.18,2597475.745
958,江谷镇黎寨村,红星村,0,38362248.94,2597476.996
959,下茆镇下黄岗村,上黄一,0,38357410.23,2597498.367
960,江谷镇黎寨村,增村,0,38362672.25,2597500.228
961,下茆镇龙湾村,西鸦村,0,38365498.61,2597542.74
962,下茆镇江明村,,0,38364395.89,2597548.068
963,迳口镇迳口村,迳口镇政府,3,38379648.95,2597553.688
964,迳口镇南乡村,小~村,0,38372145.27,2597556.094
965,迳口镇迳口村,迳口镇政府,0,38379610.59,2597565.023
966,江谷镇黎寨村,非自然村（猪栏）,0,38362512.52,2597575.03
967,江谷镇清平村,石仔~,0,38361213.3,2597603.041
968,下茆镇龙湾村,,0,38365785.68,2597626.206
969,下茆镇龙湾村,西鸦村,0,38365617.28,2597628.503
970,下茆镇下黄岗村,上黄三,0,38355636.6,2597641.203
971,黄田镇西岸村,迳塘,0,38346439.37,2597645
972,下茆镇下黄岗村,大江,0,38358289.12,2597677.523
973,下茆镇龙湾村,,0,38365701.09,2597691.349
974,下茆镇渔云村,泥坎一村,0,38370753.05,2597728.806
975,下茆镇龙湾村,西鸦村,0,38365472.87,2597745.924
976,下茆镇渔云村,雷公塘,3,38367960.55,2597753.451
977,江谷镇黎寨村,布侧村,0,38361642.85,2597757.519
978,下茆镇下黄岗村,坑~,0,38357162.22,2597765.829
979,下茆镇江明村,沙塘村,3,38364690.23,2597768.383
980,迳口镇北乡村,金勾村,0,38374837.12,2597768.655
981,下茆镇渔云村,雷公塘,0,38367731.6,2597777.779
982,江谷镇黎寨村,非自然村,0,38361917.62,2597778.597
983,江谷镇黎寨村,鸦溪村,3,38362138.73,2597801.151
984,江谷镇黎寨村,非自然村,0,38361872.1,2597816.939
985,下茆镇江明村,沙塘村,0,38364897.08,2597819.072
986,迳口镇北乡村,长腰村,0,38376918.04,2597823.302
987,迳口镇迳口村,蕉坑村、中屋村,3,38378712.2,2597845.936
988,下茆镇下黄岗村,上黄二,0,38355690.16,2597851.072
989,下茆镇渔云村,泥坎一、二、三村,3,38370479.72,2597851.206
990,江谷镇培~村,建洪尾,0,38359084.96,2597877.205
991,下茆镇龙湾村,二村,3,38366161.7,2597888.097
992,下茆镇龙湾村,,0,38365480.65,2597917.009
993,下茆镇下黄岗村,陈家二,3,38358403.75,2597922.849
994,下茆镇下黄岗村,散寨,0,38356329.19,2597948.949
995,迳口镇迳口村,蕉坑村,0,38378897.18,2597961.006
996,下茆镇下黄岗村,三带坑,0,38357176,2598004.954
997,下茆镇下黄岗村,打铁坪,0,38356313.52,2598013.387
998,迳口镇北乡村,旧寨村,3,38373046.75,2598021.727
999,下茆镇龙湾村,,0,38365345.2,2598022.855
1000,下茆镇下黄岗村,陈家一,0,38356598.17,2598027.29
1001,下茆镇渔云村,麻布村,3,38369553.13,2598040.859
1002,下茆镇龙湾村,西鸦村,3,38365599.13,2598056.4
1003,下茆镇下黄岗村,新村,3,38356073.52,2598059.528
1004,下茆镇渔云村,先桂村,0,38369138.16,2598068.212
1005,下茆镇江明村,,3,38364442.3,2598069.621
1006,下茆镇渔云村,大~、辣山口,0,38370030.65,2598076.645
1007,下茆镇渔云村,麻布一村,0,38369721.43,2598078.308
1008,江谷镇清平村,新塘,0,38361375.57,2598086.537
1009,下茆镇渔云村,麻布二村晒谷场,0,38369630.26,2598111.519
1010,下茆镇龙湾村,,0,38365258.6,2598141.35
1011,下茆镇龙湾村,,3,38366141.5,2598144.565
1012,江谷镇马岗村,高村,3,38362962.37,2598167
1013,下茆镇渔云村,福龙村,0,38370481.08,2598172.311
1014,下茆镇渔云村,,0,38367631.05,2598177.209
1015,下茆镇江明村,,0,38364322.42,2598183.434
1016,下茆镇渔云村,先桂村,0,38368994.28,2598187.212
1017,江谷镇马岗村,非自然村,0,38363781.07,2598187.382
1018,下茆镇龙湾村,,3,38366069.71,2598208.903
1019,下茆镇渔云村,渔云村柑场,0,38370417.35,2598224.108
1020,下茆镇塘村村,镇委瓦厂（旧）,0,38367293.19,2598248.322
1021,江谷镇马岗村,非自然村,0,38363354.19,2598253.653
1022,下茆镇渔云村,新寨村,3,38369368.68,2598275.702
1023,下茆镇渔云村,先桂村,0,38369055.17,2598279.463
1024,下茆镇龙湾村,格塘村,3,38365785.6,2598342.961
1025,江谷镇黎寨村,非自然村（村委、黎寨街）,0,38361764.73,2598345.76
1026,下茆镇渔云村,担村、渔蕴,3,38368706.41,2598347.432
1027,江谷镇马岗村,清水塘,0,38363193.42,2598350.075
1028,下茆镇渔云村,新寨村,0,38369357.52,2598350.481
1029,下茆镇塘村村,下茆镇镇委鱼塘,0,38367290.33,2598403.969
1030,江谷镇清平村,永安,3,38361436.2,2598410.556
1031,江谷镇黎寨村,黎寨村,3,38361960.47,2598435.236
1032,下茆镇塘村村,镇委工业区,0,38367498.72,2598443.904
1033,江谷镇马岗村,下耕,3,38362714.24,2598481.29
1034,下茆镇渔云村,,0,38370744.99,2598488.183
1035,江谷镇清平村,虾罗,0,38360661.54,2598511.61
1036,下茆镇江明村,陈~岗（塘下村）,0,38365192.38,2598512.727
1037,下茆镇龙湾村,格塘村,0,38366063.08,2598518.633
1038,江谷镇黎寨村,非自然村（黎寨街）,0,38361747.75,2598527.209
1039,下茆镇渔云村,,0,38369865.6,2598542.293
1040,江谷镇马岗村,非自然村,0,38363207.33,2598542.381
1041,下茆镇龙湾村,前布村,3,38365543.56,2598550.531
1042,下茆镇龙湾村,格塘村,3,38365948.3,2598639.38
1043,下茆镇江明村,塘下村,0,38365076.46,2598639.7
1044,江谷镇清平村,村委会，非自然村,0,38361603.88,2598650.727
1045,下茆镇龙湾村,前布村,3,38367073.77,2598652.901
1046,江谷镇黎寨村,木线厂，非自然村,0,38361630.08,2598658.674
1047,江谷镇清平村,夹板厂,0,38361751.96,2598690.954
1048,迳口镇新围村,,0,38375091.05,2598713.434
1049,下茆镇龙湾村,龙村,0,38365908.66,2598734.059
1050,下茆镇塘村村,和平村,3,38367965.5,2598754.545
1051,下茆镇龙湾村,廖村,0,38366144.46,2598756.215
1052,下茆镇渔云村,,3,38370261.45,2598760.218
1053,下茆镇江明村,下队（新村）,0,38363213.89,2598765.824
1054,江谷镇马岗村,中耕一,0,38362469.47,2598773.719
1055,迳口镇迳口村,迳仔~,3,38380616.67,2598788.027
1056,江谷镇黎寨村,非自然村（衣架厂）,0,38361902.89,2598790.686
1057,迳口镇迳口村,狮脑村,0,38379052.33,2598790.896
1058,下茆镇龙湾村,廖村,0,38366070.81,2598791.549
1059,江谷镇马岗村,中耕二,0,38362717.14,2598799.515
1060,迳口镇南乡村,金古~村,3,38372221.27,2598801.718
1061,江谷镇清平村,非自然村,0,38361273.87,2598807.009
1062,江谷镇马岗村,非自然村,0,38362342.97,2598828.636
1063,江谷镇清平村,非自然村,0,38361799.5,2598837.31
1064,迳口镇迳口村,狮脑村、蕉坑村,3,38378110.48,2598843.657
1065,下茆镇渔云村,,3,38370616.59,2598860.81
1066,江谷镇黎寨村,非自然村（康荣厂）,0,38361996.59,2598896.794
1067,江谷镇培~村,建洪,0,38359551.09,2598896.81
1068,下茆镇塘村村,卫东村,0,38368027.79,2598926.739
1069,江谷镇黎寨村,非自然村（清源小学）,0,38361912.36,2598929.2
1070,江谷镇清平村,浩太,3,38361392.95,2598939.861
1071,下茆镇江明村,空地,0,38364570.19,2598942.077
1072,下茆镇江明村,庵巾塘（上对、下队）,0,38363055.29,2598950.27
1073,下茆镇龙湾村,龙村,3,38365731.27,2598999.818
1074,迳口镇迳口村,迳口镇政府,0,38380556.28,2599004.994
1075,江谷镇清平村,清源小学，非自然村,0,38361988.81,2599007.846
1076,下茆镇江明村,七星村,0,38365360.38,2599039.385
1077,下茆镇塘村村,银江村,3,38367021.76,2599051.16
1078,下茆镇江明村,下村、徐村、永义、欧元、红星、上~,3,38364916.34,2599062.947
1079,江谷镇清平村,,0,38361996.97,2599087.205
1080,下茆镇塘村村,高塘,0,38368036.55,2599089.737
1081,下茆镇塘村村,卫东村,0,38367993.97,2599092.129
1082,江谷镇马岗村,岗背,3,38362386.45,2599094.998
1083,下茆镇塘村村,卫东村,0,38368165.85,2599113.039
1084,江谷镇清平村,格田,3,38361009.06,2599131.89
1085,江谷镇马岗村,非自然村,0,38362538.33,2599182.08
1086,下茆镇龙湾村,张村,3,38365797.46,2599190.544
1087,江谷镇清平村,旧屋,3,38361707.03,2599196.297
1088,江谷镇马岗村,非自然村,0,38362094.46,2599216.693
1089,下茆镇江明村,鱼塘承包人屋仔,0,38364294.48,2599220.041
1090,江谷镇培~村,刀坑,0,38359722.3,2599247.578
1091,江谷镇培~村,曙光村,3,38359320.22,2599269.721
1092,下茆镇江明村,江明村委会,0,38365236.91,2599285.859
1093,下茆镇高~村,,0,38370380.41,2599285.964
1094,江谷镇培~村,大山口,0,38360750.29,2599298.237
1095,下茆镇高~村,,0,38370625.93,2599318.299
1096,下茆镇塘村村,塘村村委旧铁工厂,0,38368353.86,2599319.301
1097,江谷镇清平村,非自然村,0,38361959.07,2599327.258
1098,下茆镇江明村,卢元村,0,38365083.11,2599327.988
1099,下茆镇高~村,,0,38370512.61,2599337.65
1100,下茆镇江明村,南龙寨,0,38364630.47,2599389.685
1101,江谷镇马岗村,桥头,3,38362648.77,2599412.347
1102,下茆镇高~村,高~村委会,0,38369668.92,2599420.968
1103,下茆镇高~村,,0,38370567.35,2599441.149
1104,下茆镇塘村村,寺江村,3,38367285.48,2599512.055
1105,下茆镇江明村,牛咀村,0,38364101.71,2599518.755
1106,下茆镇江明村,寨岗尾（新坪新龙）,3,38364933.14,2599531.115
1107,迳口镇迳口村,迳口镇政府,0,38380335.56,2599545.451
1108,迳口镇迳口村,迳口镇政府,0,38380239.45,2599567.197
1109,下茆镇江明村,江明水厂,0,38364353.05,2599568.824
1110,下茆镇下黄岗村,坑口,3,38355716.07,2599569.321
1111,江谷镇培~村,高带,0,38358813.45,2599574.764
1112,下茆镇塘村村,永红、红星、向阳、东风,3,38368794.79,2599586.781
1113,迳口镇迳口村,迳口镇政府,0,38380300.62,2599589.681
1114,下茆镇江明村,新江一、二、三村、下新一、二村,3,38363656.34,2599606.769
1115,迳口镇迳口村,迳口村委会,0,38381403.89,2599625.625
1116,江谷镇马岗村,马岗,0,38362289.94,2599673.716
1117,江谷镇培~村,新屋,0,38361196.56,2599694.306
1118,下茆镇江明村,牛咀村,0,38364034.2,2599694.97
1119,下茆镇江明村,新岗（新村）,0,38363550.37,2599714.479
1120,下茆镇江明村,新岗（新村）,3,38363630.3,2599719.287
1121,下茆镇塘村村,马塘村,3,38367077.54,2599727.212
1122,迳口镇迳口村,恩岭村、新农村、狮脑村、新寨村,3,38379164.08,2599742.233
1123,下茆镇江明村,新岗村（晒场）,0,38363477.51,2599750.662
1124,迳口镇新围村,旧石~村,0,38375800.76,2599791.422
1125,迳口镇新围村,寺岗边村,3,38375153.77,2599811.431
1126,下茆镇塘村村,塘村村委会,0,38368582.94,2599817.446
1127,下茆镇塘村村,龙办村,0,38366780.95,2599821.337
1128,迳口镇新围村,布~村,3,38373730.64,2599832.169
1129,下茆镇江明村,陂仔村,3,38364109.2,2599855.31
1130,迳口镇迳口村,新农村,0,38378903.72,2599870.589
1131,迳口镇新围村,元龙村,0,38372678.42,2599907.152
1132,江谷镇培~村,王村,3,38361115.57,2599967.62
1133,下茆镇高~村,辣山口村,3,38370423.73,2600014.119
1134,江谷镇培~村,邱黄村,0,38361233.48,2600027.097
1135,江谷镇培~村,杀竹,0,38359692.02,2600030.364
1136,江谷镇马岗村,游水,0,38362922.07,2600066.51
1137,迳口镇迳口村,恩岭村,0,38379176.12,2600099.846
1138,迳口镇新围村,沙~村,3,38376556.02,2600134.666
1139,江谷镇马岗村,新村,0,38361809.54,2600137.704
1140,江谷镇马岗村,新洲,0,38361973.43,2600179.141
1141,迳口镇新围村,横档村,0,38372160.64,2600194.575
1142,下茆镇高~村,黄塘村,3,38371062.75,2600195.908
1143,迳口镇迳口村,地豆镇,0,38380636.3,2600203.42
1144,下茆镇塘村村,罗蚌村,3,38367520.16,2600219.376
1145,江谷镇马岗村,谢村,0,38361913.92,2600288.994
1146,下茆镇塘村村,下丰村,3,38368285.66,2600304.091
1147,迳口镇新围村,松新村、松三村,3,38375125.8,2600325.968
1148,下茆镇高~村,高~村委会,0,38370115.85,2600332.965
1149,迳口镇新围村,白贯村,3,38373239.37,2600340.507
1150,下茆镇高~村,高~村石榴村盘龙村,3,38369901.92,2600343.221
1151,下茆镇高~村,田心村,0,38369514.71,2600352.638
1152,江谷镇马岗村,非自然村,0,38362067.95,2600372.596
1153,下茆镇高~村,石榴一村晒谷地,0,38370270.04,2600407.478
1154,江谷镇培~村,何村,3,38360910.79,2600410.082
1155,下茆镇高~村,高~村委会,0,38370871.96,2600413.913
1156,下茆镇塘村村,下丰村,0,38368337.7,2600424.907
1157,迳口镇迳口村,迳口镇政府,0,38379399.77,2600443.611
1158,迳口镇新围村,新围村,3,38373607.69,2600464.161
1159,江谷镇江和村,新兴、谭村、杨村、卢村、上杨,3,38365408.79,2600470.652
1160,江谷镇马岗村,蛤头,3,38362598.34,2600478.105
1161,下茆镇高~村,高~村、石榴村、盘龙村,3,38370097.19,2600483.763
1162,江谷镇培~村,横溪,0,38357211.6,2600501.256
1163,下茆镇高~村,高~一村晒地,0,38369775.74,2600510.677
1164,迳口镇新围村,新石~村、侧~村、矮岗村,3,38374476,2600516.859
1165,迳口镇新围村,白贯村、上下河村,0,38373155.73,2600529.67
1166,下茆镇塘村村,下丰村,0,38368326.29,2600540.941
1167,江谷镇培~村,牛古~,3,38361224.24,2600577.419
1168,迳口镇新围村,上下河村、白贯二村,0,38373154.32,2600580.461
1169,江谷镇马岗村,,0,38362658.71,2600623.283
1170,下茆镇塘村村,连子一村,0,38368836.32,2600637.072
1171,江谷镇新屋村,,0,38362779.76,2600643.421
1172,下茆镇高~村,新兴村、门口岭村,0,38369613.82,2600661.679
1173,江谷镇马岗村,李村,3,38362207.42,2600668.687
1174,江谷镇江和村,非自然村,0,38364002.91,2600684.637
1175,江谷镇江和村,苏村,3,38365191.2,2600687.789
1176,江谷镇江和村,非自然村,0,38363828.95,2600689.399
1177,江谷镇培~村,水花潭,0,38360481.68,2600689.8
1178,地豆镇塔~村,邓塘,3,38367700,2600699.201
1179,江谷镇培~村,圳边村,0,38360307.58,2600703.919
1180,下茆镇高~村,黄竹园村,3,38370670.62,2600706.561
1181,迳口镇迳口村,,3,38379440.66,2600707.666
1182,迳口镇下寮村,下寮圩,0,38371404.4,2600711.949
1183,江谷镇马岗村,象岗、吴村、何村,3,38361792.86,2600738.782
1184,下茆镇塘村村,上丰村,0,38368278.66,2600749.434
1185,迳口镇下寮村,一村、二村、三村,0,38372675.44,2600751.264
1186,迳口镇下寮村,白贯村、新围村、横档村,0,38373002.45,2600797.716
1187,下茆镇塘村村,连子二村,0,38369082.58,2600807.55
1188,下茆镇高~村,,0,38370945.33,2600819.645
1189,下茆镇高~村,黄竹园国粮所,0,38370836.4,2600837.056
1190,江谷镇马岗村,高寨,3,38362425.98,2600842.97
1191,江谷镇江和村,雷村,0,38365159.89,2600852.684
1192,迳口镇下寮村,五村,0,38371974.2,2600871.44
1193,江谷镇江和村,,0,38367446.51,2600871.802
1194,江谷镇马岗村,,0,38362305.72,2600874.463
1195,下茆镇高~村,明珠山庄,0,38370946.74,2600885.094
1196,迳口镇迳口村,地豆镇,0,38381090.62,2600885.637
1197,迳口镇新围村,马安村,0,38373779.67,2600911.691
1198,江谷镇培~村,大坪,0,38359735.79,2600917.265
1199,迳口镇迳口村,人民村、大利村、前进村,3,38379683.15,2600918.858
1200,江谷镇新屋村,,0,38362617.75,2600921.016
1201,迳口镇迳口村,迳口镇政府,0,38379290.03,2600922.147
1202,江谷镇培~村,,0,38360560.11,2600924.086
1203,江谷镇马岗村,黄村,0,38362137.63,2600952.937
1204,迳口镇迳口村,迳口镇政府,0,38379261.87,2600955.236
1205,江谷镇江和村,高坡,3,38363611.88,2600957.848
1206,江谷镇培~村,联安,3,38360239.8,2600958.511
1207,江谷镇江和村,铺仔、冼村一、冼村二、寨角、横巷、向东、彭村、何村,3,38364744.64,2600962.992
1208,迳口镇迳口村,前进村,3,38379263.62,2600963.769
1209,迳口镇迳口村,地豆镇,0,38381237.93,2600964.36
1210,江谷镇马岗村,胩,0,38361272.28,2600967.354
1211,地豆镇塔~村,铜鼓岗,3,38368330.34,2600969.003
1212,江谷镇镇郊村,丁二村,3,38363318.19,2600990.265
1213,江谷镇马岗村,,0,38362068.37,2600994.478
1214,江谷镇马岗村,非自然村,0,38361613,2601026.079
1215,江谷镇培~村,南厂,0,38355988.14,2601027.705
1216,江谷镇新屋村,,0,38362221.9,2601035.222
1217,江谷镇镇郊村,张村飞地,0,38362349.76,2601042.404
1218,江谷镇马岗村,江厂,0,38361474.93,2601047.393
1219,迳口镇下寮村,新村,3,38371324.49,2601049.185
1220,江谷镇江和村,冷脚岩,0,38364337.16,2601061.198
1221,江谷镇培~村,深坑,0,38358730.03,2601063.617
1222,迳口镇迳口村,人民村、龙眼头村、迳口镇政府,3,38379590.51,2601079.719
1223,江谷镇培~村,,0,38355755.78,2601081.639
1224,迳口镇上观村,坭塘村,0,38376044.61,2601098.83
1225,江谷镇马岗村,天井堂,0,38361259.01,2601100.613
1226,江谷镇镇郊村,东便什村,3,38362488.33,2601101.335
1227,江谷镇马岗村,,0,38360596.56,2601113.907
1228,江谷镇培~村,深坑三,0,38358500.92,2601118.362
1229,迳口镇新围村,上下河村,0,38374170.21,2601125.418
1230,江谷镇新屋村,,0,38362019.46,2601135.625
1231,迳口镇下寮村,进子~村,0,38372889.7,2601138.677
1232,迳口镇下寮村,一村、二村、三村、四村、五村、六村、七村、八村、九村,3,38371993.95,2601150.944
1233,江谷镇江和村,非自然村,0,38364434.41,2601156.907
1234,江谷镇马岗村,黄草,0,38361844.23,2601158.257
1235,江谷镇马岗村,,0,38360763.01,2601166.433
1236,江谷镇江和村,太阶,0,38363460.37,2601172.846
1237,江谷镇培~村,十二带村,0,38355368.59,2601177.952
1238,江谷镇培~村,,0,38360341.71,2601187.943
1239,江谷镇镇郊村,新圩村,3,38362834.71,2601201.785
1240,迳口镇上观村,独岗村,0,38376645.88,2601205.456
1241,下茆镇高~村,松木咀村,3,38369820.3,2601212.054
1242,江谷镇马岗村,新塘,0,38361406.98,2601238.667
1243,江谷镇江和村,二和、竹园孔,3,38364883.78,2601245.431
1244,江谷镇江和村,非自然村,0,38365660.09,2601245.711
1245,江谷镇培~村,新联,0,38354808.24,2601255.059
1246,江谷镇江和村,王村,3,38364520.11,2601270.457
1247,江谷镇新屋村,卢村、官山一村新址、官山二村旧址、官山二村新址,3,38362295.37,2601270.916
1248,迳口镇迎头村,新张田村,0,38374473.21,2601294.715
1249,江谷镇新屋村,非自然村,0,38362062.53,2601305.192
1250,江谷镇江和村,非自然村,0,38364276.21,2601307.228
1251,下茆镇高~村,黄竹园鸡场,0,38370950.8,2601332.147
1252,江谷镇镇郊村,非自然村,0,38363284.79,2601354.793
1253,江谷镇镇郊村,尚刘村,3,38363197.9,2601377.343
1254,江谷镇新屋村,崩岗头,0,38361832.28,2601378.577
1255,江谷镇江和村,旧知青场,0,38365653.45,2601411.224
1256,江谷镇培~村,,0,38354607.13,2601412.549
1257,江谷镇新屋村,,0,38362378,2601416.314
1258,江谷镇新屋村,非自然村,0,38362527.39,2601420.228
1259,地豆镇塔~村,黄芒塘,0,38367733.9,2601428.506
1260,江谷镇新屋村,两脚~村,0,38361415.69,2601449.908
1261,迳口镇迳口村,迳口镇政府、迳口村委会,3,38380173.16,2601452.355
1262,下茆镇高~村,,0,38371042.41,2601459.85
1263,江谷镇镇郊村,非自然村,0,38362729.29,2601460.504
1264,迳口镇下寮村,一村,0,38372333.3,2601464.493
1265,迳口镇迳口村,山塘村,0,38379670.9,2601485.244
1266,江谷镇江和村,下杨,3,38365954.62,2601491.104
1267,迳口镇迎头村,东兴里村,0,38374714.34,2601499.348
1268,下茆镇高~村,红卫村鸡场,0,38370818.84,2601519.583
1269,迳口镇迎头村,迳坑村,0,38375330.68,2601529.569
1270,江谷镇培~村,梅子坪,3,38356930.73,2601558.081
1271,迳口镇迳口村,大坳岗村,0,38381381.04,2601577.953
1272,迳口镇迎头村,社光磅村,3,38374179.74,2601588.357
1273,地豆镇塔~村,冲口,0,38368568.3,2601617.603
1274,江谷镇镇郊村,雷村,3,38363504.74,2601618.65
1275,江谷镇江和村,卓善村、大塘基、公太营,3,38364394.13,2601621.563
1276,江谷镇新屋村,水圳头、上新村、荔枝园村、下新村,3,38362016.68,2601633.095
1277,江谷镇镇郊村,钟村,3,38363188.69,2601640.987
1278,江谷镇江和村,非自然村,0,38365783.65,2601641.522
1279,下茆镇高~村,红卫村,3,38370409.67,2601657.004
1280,下茆镇高~村,红卫村晒地,0,38370312.03,2601726.151
1281,迳口镇迳口村,迳口镇政府、迳口村委会,3,38380099.08,2601733.833
1282,江谷镇培~村,非自然村，十二带自然保护区,0,38357033.02,2601743.646
1283,迳口镇下寮村,一村、下麦岗村,0,38372589.63,2601759.244
1284,迳口镇迎头村,旧张田村,0,38374640.46,2601759.38
1285,迳口镇迳口村,,3,38381205.98,2601775.233
1286,江谷镇新屋村,,0,38362865.48,2601790.171
1287,江谷镇江和村,佛仔塘上杨、李村,3,38366051.67,2601794.648
1288,地豆镇塔~村,鹅寮,3,38367935.76,2601810.583
1289,江谷镇镇郊村,杨齐村,3,38363138.91,2601816.806
1290,江谷镇镇郊村,,0,38362788.32,2601820.005
1291,江谷镇镇郊村,非自然村,0,38363352.5,2601857.312
1292,江谷镇镇郊村,石仔碑,3,38362979.03,2601868.243
1293,江谷镇培~村,横岭脚,0,38357482.46,2601872.368
1294,江谷镇竹寨村,竹寨学校，非自然村,0,38363865.68,2601874.164
1295,迳口镇迳口村,迳口镇政府、迳口村委会,3,38379920.6,2601906.763
1296,江谷镇镇郊村,,0,38362897.86,2601913.385
1297,江谷镇竹寨村,三合村,3,38364062.95,2601921.935
1298,迳口镇下寮村,下麦岗村,0,38372603.56,2601924.687
1299,迳口镇上观村,下岗村,0,38377196.67,2601969.065
1300,江谷镇竹寨村,卢屋,0,38364390.02,2601975.121
1301,江谷镇江和村,,0,38365661.35,2601983.546
1302,迳口镇上观村,大塘面村,0,38376451.17,2601991.932
1303,迳口镇迳口村,冠山村,3,38380464.98,2602006.284
1304,迳口镇下寮村,竹头~、瓦窑~村、江围村,0,38373686.02,2602039.314
1305,江谷镇竹寨村,李巷,0,38363802.46,2602070.898
1306,迳口镇迎头村,~子村,0,38374602.21,2602084.878
1307,地豆镇大东村,李子园,3,38371316.5,2602094.198
1308,迳口镇下寮村,桂子境村,0,38373035.57,2602099.346
1309,迳口镇迎头村,旧村、迎头村委马路村、会,3,38374935.64,2602115.049
1310,迳口镇上观村,围墩脚村,0,38376582.66,2602115.983
1311,江谷镇培~村,蜈蚣~,0,38354824.59,2602126.505
1312,地豆镇塔~村,格岗山,0,38367970.48,2602128.487
1313,迳口镇上观村,岗顶村,0,38377127.55,2602137.949
1314,迳口镇迎头村,大洼村,0,38373923.33,2602141.851
1315,迳口镇上观村,三家村、新屋村,3,38376120.9,2602155.728
1316,江谷镇竹寨村,竹寨村,3,38363674.56,2602167.456
1317,迳口镇上观村,三角岭村,0,38377557.19,2602172.432
1318,江谷镇江和村,下梁,3,38366248.21,2602183.835
1319,江谷镇新屋村,前锋村,0,38362062.88,2602187.565
1320,迳口镇上观村,寺边岗村,0,38377255.71,2602205.894
1321,江谷镇江和村,非自然村,0,38366009.8,2602211.036
1322,迳口镇上观村,称钩村,0,38376973.44,2602218.828
1323,江谷镇竹寨村,新二村,0,38364477.3,2602223.131
1324,江谷镇江和村,,0,38365267.45,2602241.273
1325,迳口镇上观村,新田村,0,38376334.5,2602244.525
1326,迳口镇上观村,松三村、松青村,3,38375579.7,2602270.298
1327,江谷镇新屋村,黄坑村,3,38361838.4,2602286.759
1328,江谷镇竹寨村,塘尾、连子、新二村、旱塘、福厚,3,38364218.85,2602322.405
1329,迳口镇迎头村,洞坑村,0,38374331.12,2602323.407
1330,迳口镇下寮村,下麦岗村、石坑村,0,38372746.28,2602328.675
1331,迳口镇上观村,大~村、下岗村,0,38376141.31,2602336.74
1332,迳口镇迳口村,建新村,0,38380633.75,2602344.237
1333,迳口镇上观村,新屋村,0,38377523.06,2602360.208
1334,迳口镇上观村,祠堂寨村,0,38376350.69,2602380.664
1335,迳口镇下寮村,江围村,0,38373208.91,2602382.191
1336,江谷镇江和村,非自然村,0,38366160.44,2602385.06
1337,江谷镇江和村,下周,0,38366351.22,2602390.618
1338,江谷镇田心村,,0,38365594.18,2602442.083
1339,迳口镇上观村,田心村,3,38376545.79,2602448.173
1340,江谷镇培~村,坑口,0,38355578.3,2602475.984
1341,地豆镇塔~村,邓家、雷家、中间寨,0,38367883.37,2602493.176
1342,迳口镇上观村,先锋村,0,38377413.38,2602506.05
1343,迳口镇下寮村,石坑村,0,38372801.3,2602509.126
1344,江谷镇竹寨村,江村,0,38364094.9,2602512.101
1345,迳口镇迳口村,东兴里村,3,38380895.89,2602515.555
1346,地豆镇塔~村,甫前岗,3,38368597.35,2602515.926
1347,迳口镇迎头村,厘谷二村,0,38375321.85,2602526.664
1348,迳口镇下寮村,上麦岗村,0,38372511.24,2602542.798
1349,迳口镇迎头村,牛角龙村,0,38375001.94,2602544.036
1350,江谷镇新屋村,转洲村,0,38362520.48,2602551.208
1351,江谷镇田心村,万新村,0,38364990.72,2602553.582
1352,迳口镇迎头村,下田心村,0,38375790.43,2602558.962
1353,江谷镇田心村,,0,38365209.14,2602568.904
1354,江谷镇江和村,,0,38366390.7,2602582.846
1355,迳口镇上观村,大~村,3,38375985.29,2602587.499
1356,江谷镇竹寨村,石岗,0,38363467.03,2602598.974
1357,江谷镇新屋村,铁桥村、新围村、新寨村,3,38362040.04,2602609.308
1358,迳口镇下寮村,会事岗村,0,38373088.96,2602650.668
1359,江谷镇田心村,江尾村,0,38364700.72,2602654.814
1360,迳口镇上观村,新排村,0,38376346.93,2602666.156
1361,江谷镇田心村,,0,38365220.02,2602670.648
1362,江谷镇竹寨村,仁兴,3,38363700.43,2602698.499
1363,迳口镇迎头村,迎头村,0,38374865.36,2602713.25
1364,迳口镇迎头村,厘谷一村,0,38375371.93,2602724.055
1365,江谷镇新屋村,牛眠村,3,38362668.42,2602748.739
1366,迳口镇上观村,下岗村、新排村、蛇屋村、田车村、田心村,3,38376360.1,2602755.52
1367,地豆镇大东村,孔岭,0,38371102.78,2602762.503
1368,迳口镇下寮村,江北~村、瓦窑~村、竹头~村,3,38373430.3,2602782.964
1369,江谷镇培~村,黄沙坑,0,38356208.61,2602791.889
1370,江谷镇新屋村,木兰,0,38362411.66,2602798.501
1371,迳口镇迎头村,坳头村,0,38374359.02,2602802.644
1372,江谷镇竹寨村,草布,3,38364046.01,2602811.911
1373,江谷镇培~村,黄沙坑,0,38356468.02,2602814.744
1374,江谷镇竹寨村,村委会所在，非自然村,0,38363471.52,2602818.154
1375,迳口镇上观村,程学岭村,0,38376962.28,2602845.357
1376,地豆镇塔~村,杨家,3,38367762.59,2602848.152
1377,地豆镇塔~村,大岭,0,38369856.6,2602859.752
1378,迳口镇上观村,坑尾村,3,38377963.09,2602870.747
1379,江谷镇新屋村,谭口村,0,38362220.61,2602889.821
1380,迳口镇下寮村,大东迳村,3,38372540.11,2602895.246
1381,江谷镇田心村,大岭村,3,38364860.23,2602896.397
1382,江谷镇竹寨村,~头,0,38363386.39,2602906.169
1383,江谷镇新屋村,大拨村,0,38362591.37,2602907.816
1384,江谷镇培~村,塘垌,0,38355417.11,2602908.296
1385,江谷镇竹寨村,荷群,0,38363632.74,2602908.3
1386,迳口镇迎头村,迎下村,0,38374977.16,2602915.071
1387,江谷镇江和村,上梁,3,38366342.36,2602918.545
1388,迳口镇下寮村,白石坳村,0,38372323.79,2602959.112
1389,江谷镇新屋村,新寨村,0,38362047.17,2602961.909
1390,迳口镇上观村,新排村、圣塘村,0,38376561.42,2602995.361
1391,迳口镇上观村,圣塘村,0,38376494.75,2603017.993
1392,江谷镇培~村,古槽,0,38358972.19,2603036.309
1393,江谷镇新屋村,非自然村,0,38362399.02,2603049.25
1394,迳口镇凤山村,蛇尾,3,38375868.82,2603060.893
1395,江谷镇田心村,,0,38364823.09,2603075.113
1396,地豆镇塔~村,刘家、新寨、新屋、三家村、~仔、大寨,3,38368577.9,2603076.352
1397,地豆镇塔~村,深水沥,3,38369211.21,2603088.023
1398,迳口镇下寮村,石芽虾村,3,38372995.64,2603116.14
1399,地豆镇大东村,新丰,3,38371101.66,2603128.674
1400,地豆镇大东村,角塘,0,38371437.23,2603148.988
1401,江谷镇榄岗村,龙塘村,3,38363266.28,2603166.914
1402,迳口镇凤山村,花楼村、沙田村,0,38375534.65,2603172.031
1403,迳口镇凤山村,上严村、下严村,0,38376143.05,2603174.992
1404,江谷镇田心村,田脚村,3,38364671.95,2603183.525
1405,江谷镇榄岗村,非自然村,0,38363003.43,2603185.901
1406,江谷镇新屋村,非自然村,0,38362099.75,2603216.516
1407,江谷镇榄岗村,布上村,0,38363934.39,2603222.418
1408,江谷镇培~村,高龙尾,0,38355387.56,2603241.57
1409,江谷镇榄岗村,官陂,0,38363741.35,2603248.843
1410,江谷镇田心村,新田村,0,38364383.92,2603287.031
1411,迳口镇凤山村,长下村,0,38375433.12,2603320.093
1412,地豆镇邓寨村,~二,3,38367819.12,2603334.115
1413,迳口镇迳口村,茶坑村,3,38380967.91,2603359.06
1414,江谷镇江和村,老四塘,3,38365425.61,2603389.605
1415,江谷镇榄岗村,马岩村,0,38363509.24,2603413.401
1416,江谷镇新屋村,佛仔坪,0,38362055.66,2603416.656
1417,江谷镇新屋村,暗迳村,0,38362046.46,2603428.228
1418,江谷镇江和村,非自然村,0,38366619.4,2603437.055
1419,江谷镇榄岗村,周村,0,38362367.05,2603441.681
1420,江谷镇榄岗村,榄东村,0,38364106.88,2603443.29
1421,迳口镇迎头村,半坑村、上坑村、下坑村,3,38374732.15,2603448.444
1422,迳口镇凤山村,村委会、长上村,0,38375574.89,2603484.378
1423,江谷镇榄岗村,大江村,0,38362575.5,2603517.662
1424,江谷镇榄岗村,非自然村,0,38363440.57,2603544.469
1425,地豆镇大东村,,0,38371172.96,2603549.833
1426,江谷镇榄岗村,非自然村,0,38364171.16,2603556.887
1427,江谷镇榄岗村,榄岗村,0,38363964.53,2603572.293
1428,江谷镇榄岗村,非自然村,0,38362968.52,2603609.932
1429,江谷镇江和村,非自然村,0,38366104.6,2603612.949
1430,江谷镇榄岗村,龙坑村,3,38362891.76,2603685.316
1431,江谷镇榄岗村,上榄岗下底屋,0,38363706.63,2603768.505
1432,江谷镇江和村,马力桥,0,38366242.18,2603777.093
1433,江谷镇田心村,丰文村,0,38364709.69,2603793.279
1434,地豆镇塔~村,白鹤~,0,38369326.88,2603798.058
1435,迳口镇迎头村,半坑村,0,38374749.91,2603824.221
1436,迳口镇凤山村,竹坑村,0,38375509.38,2603847.625
1437,江谷镇江和村,非自然村,0,38366193.29,2603860.331
1438,迳口镇上观村,欧岭村,0,38376888.32,2603868.328
1439,江谷镇榄岗村,龙坑风台面,0,38362996.81,2603869.273
1440,地豆镇邓寨村,先生岗,3,38367555.33,2603872.673
1441,江谷镇榄岗村,上榄岗中间巷,0,38363524.6,2603911.858
1442,江谷镇榄岗村,非自然村,0,38364014.74,2603914.428
1443,地豆镇大东村,中心~,3,38371354.59,2603939.505
1444,地豆镇邓寨村,泥围、~一,3,38367983.36,2603967.887
1445,江谷镇榄岗村,上榄岗水井头,3,38363438.24,2603970.511
1446,江谷镇榄岗村,上榄岗岗咀,0,38363352.42,2603981.099
1447,江谷镇田心村,非自然村,0,38364581.35,2604038.856
1448,江谷镇榄岗村,尤鱼村,0,38364389.72,2604048.18
1449,迳口镇凤山村,沙田村,0,38375184.08,2604063.961
1450,地豆镇大东村,旧村塘,0,38371095.05,2604069.171
1451,迳口镇凤山村,蛤p屯村,0,38374838.15,2604082.654
1452,江谷镇榄岗村,塘口村,0,38364089.74,2604092.835
1453,江谷镇大垌村,非自然村,0,38356834.42,2604114.951
1454,江谷镇田心村,不属田心村委,0,38365243.33,2604151.472
1455,迳口镇凤山村,大坪村,3,38376479.44,2604192.455
1456,地豆镇塔~村,田寮,3,38370064.68,2604197.796
1457,江谷镇培~村,南寮,0,38357919.74,2604212.38
1458,迳口镇上观村,大石~村,0,38377066.03,2604237.22
1459,江谷镇榄岗村,非自然村,0,38364151.3,2604255.185
1460,江谷镇榄岗村,非自然村,0,38363775.93,2604301.43
1461,江谷镇榄岗村,非自然村,0,38363854.31,2604334.657
1462,地豆镇大东村,蝴蝶村、大东村,3,38371514.97,2604360.813
1463,江谷镇田心村,不属田心村委,0,38365582.14,2604382.22
1464,迳口镇凤山村,凤山村,3,38375739.98,2604416.74
1465,江谷镇榄岗村,何山村,3,38363511.7,2604421.867
1466,江谷镇田心村,,0,38365556.51,2604430.318
1467,江谷镇榄岗村,非自然村,0,38362827.62,2604443.277
1468,地豆镇邓寨村,松山岗、麻子岗,3,38367819.55,2604465.163
1469,江谷镇田心村,非自然村，旧田心小学,0,38364723.02,2604495.165
1470,江谷镇田心村,江边村、黄松村,3,38365006.25,2604591.329
1471,江谷镇田心村,,0,38365349.76,2604593.644
1472,地豆镇水车村,官田,3,38368735.87,2604596.194
1473,江谷镇田心村,,0,38365557.39,2604606.881
1474,迳口镇凤山村,岭梗头,0,38375709.28,2604655.13
1475,江谷镇田心村,田心村,3,38364792.46,2604726.375
1476,江谷镇田心村,西山联,3,38364367.73,2604741.811
1477,迳口镇凤山村,河坑村,3,38376077.49,2604746.935
1478,地豆镇邓寨村,南岭,3,38366907.65,2604805.665
1479,地豆镇大东村,,0,38371994.94,2604811.372
1480,地豆镇大布洞村,竹新,0,38370070.2,2604823.486
1481,江谷镇田心村,西山一村,0,38364231.97,2604888.506
1482,地豆镇邓寨村,福田、旧沙巷、美云、长安、新沙巷、长兴、文光里、~心、竹园,3,38368180.43,2604924.1
1483,地豆镇邓寨村,守坜,3,38367393.92,2604937.278
1484,地豆镇水车村,吴家围,3,38368866.11,2604945.89
1485,迳口镇凤山村,虎崩村,3,38375731.31,2604959.902
1486,地豆镇邓寨村,,0,38368693.84,2604978.629
1487,地豆镇狮岭村,,0,38365765.01,2604996.539
1488,地豆镇狮岭村,,0,38365943.87,2605058.119
1489,江谷镇田心村,藕塘村,0,38364234.36,2605098.591
1490,地豆镇邓寨村,大塘面,0,38368438.76,2605100.924
1491,地豆镇水车村,小东村,0,38369557.47,2605114.417
1492,江谷镇田心村,,0,38365608.29,2605180.905
1493,地豆镇大布洞村,布一、布二,3,38370326.53,2605237.735
1494,江谷镇冼田村,非自然村,0,38359887.59,2605262.695
1495,地豆镇大布洞村,旧学校,0,38371187.16,2605274.195
1496,地豆镇狮岭村,,3,38365632.96,2605286.473
1497,地豆镇邓寨村,罗布,3,38366759.21,2605288.176
1498,地豆镇邓寨村,荷木,3,38367026.3,2605294.318
1499,江谷镇大垌村,非自然村,0,38358420.98,2605311.475
1500,地豆镇邓寨村,花草~,0,38366516.99,2605331.472
1501,地豆镇大布洞村,地塘、~尾、大寨,3,38370903.66,2605336.543
1502,江谷镇冼田村,张罗口,0,38360024.5,2605360.166
1503,江谷镇冼田村,张罗坑,0,38359874.36,2605389.753
1504,地豆镇狮岭村,,0,38365902.1,2605413.619
1505,地豆镇大布洞村,红光、新东,0,38371458.91,2605418.734
1506,江谷镇田心村,流~村,3,38364699.71,2605454.376
1507,地豆镇水车村,水车村,3,38369141.7,2605505.828
1508,地豆镇狮岭村,,0,38365865.01,2605551.193
1509,江谷镇大垌村,大瓮,0,38355531.41,2605558.03
1510,江谷镇田心村,顿岗村,0,38364105.22,2605594.658
1511,江谷镇冼田村,大段,3,38359945.34,2605595.918
1512,江谷镇大垌村,小瓮,0,38355684.92,2605637.908
1513,地豆镇狮岭村,,3,38365735.87,2605653.114
1514,地豆镇大布洞村,六合,0,38371487.72,2605685.867
1515,地豆镇大布洞村,黄家庄,0,38371704.24,2605753.068
1516,地豆镇狮岭村,黄茆坪,0,38365178.93,2605761.591
1517,江谷镇大垌村,非自然村,0,38357593.2,2605808.992
1518,地豆镇狮岭村,九坑,3,38366085.34,2605838.018
1519,地豆镇狮岭村,岭背,0,38365528.44,2605878.582
1520,地豆镇大布洞村,大笪,3,38371918.57,2605899.423
1521,江谷镇田心村,山大塘,0,38363914.78,2606049.027
1522,江谷镇冼田村,庙坑,0,38359938.31,2606078.434
1523,地豆镇东平村,螺壳岭、岗塔~,3,38368133.41,2606142.05
1524,地豆镇狮岭村,,0,38366037.36,2606150.135
1525,地豆镇狮岭村,狮岭村,0,38365535.83,2606152.764
1526,地豆镇下街村,,0,38366095.92,2606192.736
1527,江谷镇冼田村,非自然村,0,38360346.53,2606199.951
1528,地豆镇狮岭村,黄泥坎,3,38365199,2606252.37
1529,地豆镇狮岭村,,0,38366027.3,2606284.457
1530,罗源镇石寨村,长尾坑,0,38375564.83,2606315.349
1531,地豆镇地豆村,塘角~,0,38368192.16,2606320.429
1532,地豆镇下街村,坑背村,0,38366899.59,2606360.176
1533,地豆镇狮岭村,神仙村,0,38364465.36,2606376.595
1534,江谷镇大垌村,石溪大寨,0,38356648.18,2606416.855
1535,地豆镇大布洞村,泥塘口,3,38370190.03,2606444.709
1536,江谷镇大垌村,严坑尾何寨,0,38357952.04,2606453.868
1537,江谷镇大垌村,石溪岭坪,3,38356482.58,2606475.206
1538,江谷镇田心村,非自然村,0,38363656.94,2606479.108
1539,江谷镇大垌村,冬溪,0,38355614.96,2606495.836
1540,江谷镇大垌村,严坑尾,0,38357888.01,2606498.048
1541,江谷镇大垌村,石溪格坑,0,38356685.23,2606517.818
1542,地豆镇地豆村,长岗咀,0,38368210.64,2606618.976
1543,地豆镇下街村,幸福新村（新坑背村）,0,38365834.22,2606650.531
1544,地豆镇下街村,,0,38366035.5,2606654.437
1545,地豆镇东平村,塘坜,3,38367392.17,2606668.404
1546,江谷镇冼田村,佛仔坝,0,38360450.28,2606710.608
1547,江谷镇大垌村,严坑尾半坑,0,38358256.94,2606718.317
1548,江谷镇大垌村,点菜引,0,38358561.61,2606722.612
1549,地豆镇下街村,下街村委会用地，不属任何自然村,0,38365959.3,2606733.636
1550,地豆镇大布洞村,新塘甫,0,38370165.92,2606745.248
1551,地豆镇地豆村,新塘里,3,38368624.76,2606749.608
1552,罗源镇石寨村,坑凼,3,38375731.81,2606750.149
1553,江谷镇大垌村,非自然村,0,38358855.61,2606767.134
1554,地豆镇东平村,螺壳岭、岗塔~,0,38367395.2,2606791.651
1555,地豆镇下街村,下村,3,38366287.56,2606812.48
1556,江谷镇大垌村,非自然村,0,38359079.19,2606816.12
1557,地豆镇大布洞村,坑尾,0,38372399.84,2606826.667
1558,江谷镇田心村,佳志,0,38363183.65,2606835.759
1559,地豆镇大布洞村,蛇湾,3,38370852.62,2606839.42
1560,地豆镇下街村,,0,38366030.79,2606841.438
1561,江谷镇大垌村,严坑大寨,0,38358502.19,2606847.384
1562,江谷镇大垌村,彭坑,3,38359240.2,2606857.089
1563,江谷镇大垌村,黄竹迳旧寨,0,38357787.93,2606863.438
1564,江谷镇大垌村,非自然村,0,38356467.71,2606867.617
1565,罗源镇石寨村,,3,38375470.62,2606879.33
1566,地豆镇大布洞村,沙洲,3,38371359.72,2606894.574
1567,江谷镇大垌村,黄竹迳岭坪,0,38357629.35,2606906.459
1568,江谷镇大垌村,大夫田车下,0,38358116.19,2606933.793
1569,江谷镇冼田村,郑坪,3,38360016.21,2606943.302
1570,罗源镇石寨村,岗边寨、沙南九,3,38376028.87,2606945.501
1571,地豆镇下街村,下街村委会用地，不属任何自然村,0,38366093.35,2606953.309
1572,地豆镇地豆村,牛基甫,3,38368733.76,2606972.492
1573,江谷镇大垌村,黄竹迳大松头,0,38357938.58,2606981.856
1574,地豆镇狮岭村,牛围,0,38365226.85,2606983.87
1575,地豆镇下街村,下街村,3,38366626.64,2606994.985
1576,江谷镇大垌村,黄竹迳,0,38357934.01,2607026.472
1577,地豆镇狮岭村,大巷口,3,38365458.5,2607036.986
1578,罗源镇石寨村,沙南九,0,38375964.27,2607044.035
1579,地豆镇大布洞村,堆岩,3,38371057.52,2607057.673
1580,地豆镇大布洞村,仓田,3,38372313.59,2607059.897
1581,江谷镇冼田村,非自然村,0,38360033.06,2607065.462
1582,江谷镇大垌村,大夫田,0,38358254.53,2607070.733
1583,地豆镇大布洞村,禾~岗,3,38370390.16,2607071.615
1584,江谷镇大垌村,,0,38359040.89,2607075.649
1585,江谷镇大垌村,太生,3,38356401.42,2607084.576
1586,地豆镇大布洞村,大~,0,38370755.53,2607106.585
1587,地豆镇下街村,上街村,0,38366459.77,2607159.792
1588,地豆镇赤草~村,大塘龙,0,38369566.25,2607182.991
1589,罗源镇石寨村,,0,38375205.15,2607213.226
1590,江谷镇大垌村,塘垌,3,38356280.27,2607222.073
1591,江谷镇冼田村,洋岩,3,38359381.05,2607248.225
1592,江谷镇冼田村,非自然村,0,38359675.54,2607254.185
1593,江谷镇冼田村,大垌,0,38360531.14,2607284.786
1594,罗源镇石寨村,沙美,3,38375439.87,2607287.441
1595,地豆镇东平村,营脚,3,38367004.64,2607304.396
1596,地豆镇狮岭村,欧村,3,38365032.01,2607335.865
1597,地豆镇东平村,,0,38367181.25,2607348.09
1598,地豆镇大布洞村,,3,38371467.01,2607398.394
1599,地豆镇地豆村,,0,38368815.51,2607413.635
1600,地豆镇东平村,,0,38367212.86,2607417.127
1601,江谷镇大垌村,里田,0,38356304.34,2607429.955
1602,地豆镇下街村,下明塘村,3,38365656.13,2607450.51
1603,江谷镇冼田村,官寨,0,38359682.54,2607455.211
1604,地豆镇下街村,石氪,3,38365952.81,2607456.616
1605,地豆镇地豆村,竹社,3,38368397.4,2607464.886
1606,江谷镇冼田村,江林小学,0,38359784.76,2607482.116
1607,罗源镇石寨村,姓蓝寨,0,38376474.23,2607482.181
1608,江谷镇大垌村,非自然村,0,38357286.84,2607522.434
1609,罗源镇石寨村,塘角,0,38375203.53,2607526.214
1610,地豆镇东平村,,0,38367306.65,2607527.099
1611,江谷镇大垌村,非自然村,0,38356235.14,2607527.883
1612,地豆镇地豆村,大纯忠,3,38368700.04,2607529.14
1613,江谷镇大垌村,养老坑,0,38355466.2,2607534.237
1614,地豆镇大布洞村,佛子咀,3,38371816.03,2607561.475
1615,地豆镇东平村,,0,38367141,2607578.764
1616,地豆镇地豆村,,0,38368467.33,2607581.458
1617,地豆镇东平村,,0,38367147.87,2607604.545
1618,江谷镇大垌村,墩仔,0,38356101.97,2607616.636
1619,地豆镇赤草~村,,3,38371580.93,2607624.557
1620,江谷镇大垌村,大竹洞,0,38357069.29,2607625.009
1621,江谷镇大垌村,王~,3,38357245.52,2607649.309
1622,江谷镇大垌村,非自然村,0,38356879.75,2607656.56
1623,罗源镇石寨村,礼堂、格坑园、瓦窑头,3,38376089.55,2607671.979
1624,江谷镇冼田村,虎形~,0,38359710.11,2607679.302
1625,地豆镇大布洞村,,0,38371872.9,2607684.501
1626,江谷镇大垌村,莫~,3,38357243.26,2607688.419
1627,地豆镇地豆村,,0,38367451.02,2607713.958
1628,地豆镇大布洞村,,0,38372359.31,2607714.564
1629,罗源镇铁坑村,非建设用地,0,38373200.06,2607732.622
1630,地豆镇东平村,,3,38367204.88,2607738.666
1631,地豆镇下街村,上明塘村,0,38365580.06,2607739.566
1632,地豆镇地豆村,,0,38367517.3,2607759.344
1633,地豆镇地豆村,,0,38367637.24,2607775.508
1634,地豆镇地豆村,,0,38367692.08,2607813.516
1635,地豆镇连平村,下大坪岗,3,38366976.68,2607815.244
1636,地豆镇地豆村,,0,38367932.02,2607821.04
1637,地豆镇地豆村,禾生、白虎头、敦和里,3,38368390.11,2607829.832
1638,罗源镇石寨村,石寨,3,38375136.24,2607859.295
1639,地豆镇地豆村,,3,38367513.9,2607864.33
1640,罗源镇铁坑村,,0,38372492.96,2607871.272
1641,地豆镇地豆村,,0,38368447.85,2607879.65
1642,地豆镇地豆村,,0,38368372.12,2607893.558
1643,地豆镇赤草~村,君子甫,0,38371155.77,2607896.33
1644,地豆镇地豆村,马~,3,38368138.3,2607903.622
1645,地豆镇东平村,黄京坝,0,38366633.1,2607910.971
1646,地豆镇赤草~村,,0,38370227.21,2607923.553
1647,地豆镇地豆村,小纯忠,3,38368952.92,2607934.479
1648,罗源镇铁坑村,非建设用地,0,38373286.11,2607938.354
1649,地豆镇东平村,东安里,3,38366842.47,2607943.305
1650,罗源镇石寨村,新开田,3,38374951.69,2607945.825
1651,江谷镇冼田村,非自然村,0,38359970.25,2607948.919
1652,地豆镇赤草~村,,3,38370088.38,2607968.238
1653,地豆镇下街村,黄屋村,3,38366186.09,2607969.665
1654,罗源镇石寨村,叶寨,0,38376207.42,2608008.208
1655,江谷镇大垌村,苏坑,0,38357191.23,2608034.006
1656,江谷镇冼田村,连岭,0,38360028.25,2608056.411
1657,江谷镇冼田村,江林圩镇（江林中学）,3,38359732.68,2608073.893
1658,地豆镇下街村,张村,3,38365824.12,2608074.179
1659,地豆镇连平村,虎象塘,3,38368229.35,2608080.442
1660,罗源镇石寨村,新村,0,38376091.11,2608082.641
1661,地豆镇连平村,上大坪岗,0,38366970.3,2608083.385
1662,罗源镇石寨村,,0,38374774.08,2608114.759
1663,江谷镇冼田村,大寨村,0,38360811.11,2608121.687
1664,地豆镇赤草~村,大罩,0,38370323.17,2608123.388
1665,罗源镇石寨村,,0,38374829.18,2608128.585
1666,江谷镇大垌村,小乐,3,38354363.54,2608131.154
1667,地豆镇赤草~村,~抗陂,3,38371208.59,2608148.907
1668,地豆镇地豆村,,0,38369280.27,2608151.604
1669,地豆镇地豆村,,3,38368497.18,2608156.342
1670,罗源镇铁坑村,非建设用地,0,38373256.88,2608158.395
1671,罗源镇铁坑村,非建设用地,3,38372441.92,2608163.493
1672,地豆镇连平村,高松树,3,38368099.18,2608187.117
1673,地豆镇赤草~村,赤草~、西基~,3,38369958.82,2608220.472
1674,地豆镇连平村,岭背,3,38367112.98,2608229.034
1675,罗源镇铁坑村,非建设用地,0,38373282.92,2608235.285
1676,地豆镇连平村,,0,38367584.62,2608239.932
1677,江谷镇冼田村,非自然村,0,38360016.17,2608240.241
1678,地豆镇赤草~村,,0,38369651.94,2608249.598
1679,地豆镇连平村,,0,38367057.88,2608250.603
1680,地豆镇赤草~村,,0,38369414.52,2608259.967
1681,罗源镇石寨村,田心,0,38375109.01,2608264.226
1682,罗源镇石寨村,三桂堂,0,38375861.35,2608276.725
1683,江谷镇大垌村,下木良,0,38358000.91,2608292.717
1684,罗源镇铁坑村,,0,38372616.24,2608318.557
1685,江谷镇冼田村,非自然村,0,38359959.04,2608332.937
1686,地豆镇赤草~村,大板~,0,38369087.03,2608338.204
1687,罗源镇铁坑村,马车~村,3,38372873.48,2608353.33
1688,罗源镇铁坑村,,0,38372474.79,2608366.375
1689,江谷镇冼田村,非自然村,0,38360919.14,2608388.205
1690,罗源镇铁坑村,,0,38372336.87,2608400.335
1691,江谷镇大垌村,山子口,0,38355150.53,2608401.013
1692,江谷镇冼田村,非自然村,0,38360851.95,2608401.572
1693,地豆镇赤草~村,扒头柄,0,38371844.87,2608410.215
1694,地豆镇赤草~村,坳头,0,38370836.76,2608410.305
1695,罗源镇石寨村,学村,0,38374776.26,2608415.126
1696,地豆镇赤草~村,窝子村,0,38370356.13,2608415.289
1697,地豆镇赤草~村,,0,38369793.95,2608445.65
1698,地豆镇连平村,芋子坑,0,38367219.04,2608453.408
1699,地豆镇连平村,珠子~,0,38367522.53,2608455.964
1700,地豆镇连平村,,0,38368134.26,2608461.594
1701,罗源镇石寨村,禾景,0,38375655.75,2608463.054
1702,地豆镇连平村,当吉~,3,38368240.11,2608481.851
1703,地豆镇东平村,大云脚,3,38366425.33,2608500.227
1704,地豆镇东平村,新村,0,38366570.14,2608506.428
1705,江谷镇冼田村,卷头屈,0,38361036.66,2608532.994
1706,江谷镇冼田村,芋合塘,0,38360369.88,2608538.964
1707,罗源镇石寨村,田心,0,38375273.6,2608548.504
1708,罗源镇铁坑村,铁坑村,3,38373829.83,2608564.232
1709,罗源镇铁坑村,非建设用地,3,38372540.03,2608564.614
1710,江谷镇冼田村,蛇引,0,38359025.74,2608570.186
1711,江谷镇大垌村,长乐,3,38354860.63,2608571.786
1712,地豆镇赤草~村,九子里,3,38369424.51,2608587.501
1713,罗源镇铁坑村,,0,38372076.13,2608597.684
1714,地豆镇赤草~村,,0,38372051.11,2608598.07
1715,地豆镇连平村,黄田山,0,38368040.96,2608600.879
1716,江谷镇大垌村,非自然村,0,38354687.02,2608608.783
1717,罗源镇铁坑村,,0,38372401.13,2608624.878
1718,罗源镇石寨村,禾景、田心,0,38375471.4,2608629.758
1719,罗源镇洞心村,丁寨,0,38376069.46,2608681.499
1720,罗源镇铁坑村,新屋村,3,38373444.15,2608690.769
1721,罗源镇铁坑村,,0,38372168.88,2608695.535
1722,罗源镇铁坑村,淡桥村,0,38373257.06,2608700.183
1723,罗源镇铁坑村,铁坑村,3,38374005.31,2608700.926
1724,地豆镇东平村,青山口,0,38366776.26,2608705.822
1725,江谷镇大垌村,湖神地,0,38355083.99,2608725.891
1726,罗源镇罗源村,花山咀,0,38374602.67,2608731.072
1727,罗源镇罗源村,非建设用地,0,38374324.25,2608747.667
1728,罗源镇洞心村,胜利,3,38376811.55,2608753.849
1729,江谷镇大垌村,长乐罗队,0,38354577.08,2608762.151
1730,罗源镇罗源村,门口洞,0,38373766.11,2608769.748
1731,地豆镇连平村,花树~,0,38368285.97,2608776.433
1732,罗源镇铁坑村,非建设用地,0,38373298.15,2608804.291
1733,罗源镇铁坑村,,3,38372591.67,2608807.159
1734,罗源镇罗源村,花山咀,0,38374673.92,2608808.387
1735,罗源镇铁坑村,淡桥村,0,38373087,2608826.875
1736,江谷镇冼田村,罗队,0,38361884.28,2608838.246
1737,罗源镇洞心村,上王,3,38375312.84,2608847.916
1738,江谷镇大垌村,上木良,0,38357762.43,2608853.987
1739,地豆镇连平村,藕塘背,0,38367713.43,2608892.808
1740,地豆镇连平村,藕塘,3,38367871.32,2608896.426
1741,罗源镇罗源村,牛角龙,0,38374345.31,2608902.731
1742,罗源镇罗源村,牛角龙,0,38374287.51,2608919.498
1743,罗源镇罗源村,沙沥,0,38373847.09,2608939.004
1744,江谷镇冼田村,林队,0,38362187.73,2608945.372
1745,罗源镇罗源村,牛角龙,0,38374337.35,2608951.863
1746,罗源镇洞心村,上王,3,38375199.8,2608959.118
1747,罗源镇洞心村,松布,0,38375652.95,2608972.3
1748,罗源镇洞心村,下王,3,38375415.49,2608994.308
1749,罗源镇罗源村,林宅,3,38374672.84,2608995.792
1750,地豆镇连平村,仙水塘村,0,38367001.49,2609013.68
1751,地豆镇赤草~村,坑坝,3,38369516.96,2609023.492
1752,江谷镇冼田村,黄泥坎,3,38359032.21,2609032.898
1753,江谷镇大垌村,岭坳,3,38357312.06,2609038.931
1754,罗源镇罗源村,林宅,0,38374611.39,2609047.834
1755,地豆镇连平村,藕塘背,0,38367749.08,2609084.658
1756,江谷镇冼田村,大坝,0,38361948.55,2609101.575
1757,罗源镇罗源村,连禾坑,3,38373958.83,2609106.964
1758,罗源镇洞心村,下庄,3,38376804.84,2609133.117
1759,罗源镇洞心村,黄一,3,38376415.46,2609134.174
1760,地豆镇地豆村,西~、竹坑,3,38368699.97,2609141.711
1761,地豆镇连平村,姓黄村,3,38367339.73,2609148.999
1762,罗源镇洞心村,曲木,0,38376279.47,2609156.166
1763,罗源镇罗源村,陈屋,3,38374518.17,2609171.446
1764,罗源镇罗源村,连禾坑,0,38373922.34,2609172.805
1765,地豆镇赤草~村,坑尾头,3,38369806.69,2609178.913
1766,罗源镇罗源村,南塘,3,38374875.92,2609184.635
1767,罗源镇洞心村,何宅,0,38376088.57,2609203.21
1768,江谷镇冼田村,莫塘村,0,38359042.76,2609223.752
1769,罗源镇洞心村,何宅,3,38376423.64,2609235.324
1770,罗源镇罗源村,,0,38374748.83,2609253.38
1771,江谷镇冼田村,坑口村,0,38361736.51,2609254.333
1772,罗源镇罗源村,,3,38374546.81,2609273.472
1773,罗源镇洞心村,何宅,0,38376269.52,2609282.808
1774,罗源镇罗源村,连禾坑,3,38373979.01,2609295.481
1775,地豆镇连平村,龙塘村,0,38367475.75,2609297.384
1776,罗源镇罗源村,连和坑,3,38374041.5,2609306.917
1777,罗源镇罗源村,军田,0,38373857.74,2609362.206
1778,罗源镇罗源村,长岭咀,0,38374382.42,2609380.798
1779,罗源镇罗源村,麻子寨,0,38374597.93,2609382.127
1780,江谷镇冼田村,水城,0,38359295.05,2609459.753
1781,罗源镇洞心村,洞心村,3,38375585.64,2609463.964
1782,江谷镇冼田村,莫塘,0,38359198.3,2609471.586
1783,地豆镇地豆村,新兴里,3,38368340.53,2609478.022
1784,罗源镇罗源村,红光,3,38374969.16,2609499.997
1785,罗源镇洞心村,曾宅、大冲坑,3,38376328.85,2609527.604
1786,地豆镇地豆村,角坜,3,38368584.83,2609539.597
1787,江谷镇冼田村,坪岭顶,0,38362183.52,2609540.756
1788,罗源镇罗源村,红光,3,38375122.81,2609551.185
1789,地豆镇三桂村,梅子引,0,38363417.31,2609558.249
1790,罗源镇罗源村,仓丰,0,38373590.02,2609560.776
1791,罗源镇洞心村,非建设用地,0,38375166.34,2609585.281
1792,江谷镇冼田村,下蓝,0,38361492.57,2609593.761
1793,地豆镇三桂村,船石,0,38366510.43,2609598.159
1794,罗源镇罗源村,非建设用地,0,38373401.09,2609601.425
1795,罗源镇罗源村,红光,3,38374994.85,2609612.428
1796,罗源镇洞心村,洞心,0,38375338.37,2609619.196
1797,江谷镇冼田村,九牛村,0,38358614.75,2609625.646
1798,罗源镇罗源村,红光,3,38375133.22,2609629.183
1799,地豆镇地豆村,迳口村,3,38368397.2,2609639.297
1800,罗源镇罗源村,瓦窑塘,3,38374817.54,2609645.661
1801,江谷镇冼田村,老榕二,0,38360947.51,2609668.835
1802,江谷镇冼田村,非自然村,0,38359299.92,2609699.87
1803,罗源镇罗源村,桥子头,0,38374537.22,2609700.682
1804,罗源镇红旗村,田寮,3,38375225.18,2609714.897
1805,江谷镇冼田村,大王一,0,38359260.01,2609721.215
1806,地豆镇地豆村,山塘,0,38368868.25,2609735.862
1807,罗源镇洞心村,非建设用地,0,38375372.9,2609772.954
1808,罗源镇红旗村,田寮,3,38374972.84,2609788.737
1809,罗源镇红旗村,非建设用地,0,38375315.58,2609795.695
1810,江谷镇冼田村,背夫~,0,38358811.87,2609825.229
1811,罗源镇洞心村,非建设用地,0,38375498.48,2609838.159
1812,江谷镇冼田村,格坑,0,38360872.95,2609869.636
1813,罗源镇红旗村,蟠龙,0,38374525.88,2609883.534
1814,江谷镇冼田村,荷菜塘,0,38357536.8,2609911.449
1815,罗源镇洞心村,,0,38375643.16,2609924.366
1816,罗源镇罗源村,连群,0,38374202.84,2609960.24
1817,罗源镇红旗村,,0,38375698.98,2610001.09
1818,罗源镇罗源村,连群,0,38374316.33,2610018.701
1819,罗源镇红旗村,非建设用地,0,38375028.74,2610022.433
1820,地豆镇三桂村,针菜坑,3,38366077.59,2610029.509
1821,罗源镇红旗村,非建设用地,0,38375552.84,2610038.242
1822,罗源镇红旗村,新圩,0,38376346.07,2610061.835
1823,罗源镇红旗村,新圩,3,38376392.34,2610070.87
1824,江谷镇冼田村,老榕一,0,38360686.87,2610087.417
1825,罗源镇红旗村,稔水夫,0,38374582.47,2610141.476
1826,罗源镇红旗村,营脚下,3,38375246.22,2610178.585
1827,罗源镇红旗村,非建设用地,0,38375410.99,2610245.234
1828,罗源镇红旗村,乌石岗,3,38376041.49,2610264.249
1829,罗源镇红旗村,非建设用地,0,38375396.98,2610326.122
1830,罗源镇红旗村,非建设用地,0,38375211.18,2610335.299
1831,罗源镇红旗村,,0,38374846.16,2610383.799
1832,罗源镇红旗村,,0,38374839.25,2610444.574
1833,地豆镇三桂村,虎落坑,0,38366572.56,2610500.432
1834,地豆镇三桂村,下元敦,3,38365785.87,2610667.205
1835,江谷镇冼田村,三楞坪,0,38358415.07,2610684.774
1836,罗源镇红旗村,大坑口,3,38374131.69,2610770.638
1837,地豆镇三桂村,蛩,0,38366170.56,2610852.609
1838,威整镇南龙村,山庄,0,38368540.66,2610935.21
1839,罗源镇红旗村,非建设用地,0,38374868.85,2610949.088
1840,威整镇南龙村,鸡场,0,38369091.36,2610981.396
1841,威整镇南龙村,衣架厂宿舍,0,38368848.43,2611273.181
1842,地豆镇三桂村,四方坑,0,38363759.53,2611334.34
1843,威整镇南龙村,石灰屈,0,38369529,2611389.283
1844,威整镇南龙村,,0,38367004.07,2611559.114
1845,地豆镇三桂村,立新,0,38365718.48,2611623.069
1846,地豆镇三桂村,上元敦,0,38365008.98,2611633.064
1847,威整镇南龙村,南龙村,0,38369261.69,2611674.447
1848,威整镇南龙村,锦绣,3,38369666.89,2611760.545
1849,威整镇南龙村,碳厂,0,38368813.41,2611795.595
1850,威整镇南龙村,南龙村,0,38369275.87,2611806.642
1851,威整镇南龙村,白石,0,38369904.78,2611887.043
1852,威整镇南龙村,南龙村,0,38369325.21,2611899.152
1853,威整镇西坑村,飞达衣架厂,0,38368955.08,2611900.602
1854,威整镇南龙村,白石,3,38369700.2,2611934.111
1855,威整镇南龙村,南龙村,0,38369140.96,2611963.656
1856,地豆镇三桂村,黄田坑,0,38364930.07,2612012.303
1857,威整镇南龙村,南龙村,3,38369406.97,2612049.447
1858,威整镇南龙村,恒和衣架厂,0,38368934.55,2612067.056
1859,威整镇南龙村,迅达衣架厂,0,38369005.66,2612068.037
1860,地豆镇三桂村,沙坪,0,38366627.93,2612114.06
1861,威整镇南龙村,六安,0,38369749.81,2612176.264
1862,威整镇南龙村,白石布,0,38370112.56,2612327.238
1863,威整镇南龙村,莫田,0,38369903.5,2612479.651
1864,威整镇南龙村,新田村,0,38369770.76,2612501.558
1865,地豆镇三桂村,牛脆坜,3,38366040.77,2612553.074
1866,威整镇南龙村,新田村,0,38369772.51,2612560.542
1867,威整镇南龙村,农资店,0,38369757.18,2612602.006
1868,地豆镇三桂村,葵子田,0,38363098.97,2612618.095
1869,威整镇西坑村,六布,0,38369214.68,2612628.687
1870,威整镇西坑村,六布,3,38369057.41,2612665.072
1871,地豆镇三桂村,尖引脚,0,38365618.48,2612680.036
1872,威整镇南龙村,沙尾,0,38369781.87,2612696.646
1873,威整镇南龙村,鱼塘,0,38369617.79,2612742.964
1874,地豆镇三桂村,虎形地,0,38363990.62,2612745.905
1875,威整镇南龙村,牛牯冲,3,38369918.28,2612879.231
1876,威整镇西坑村,茨菇塘,3,38369332.86,2612910.741
1877,威整镇南龙村,江头,3,38370089.56,2612958.038
1878,威整镇西坑村,过坑岗,3,38369172.78,2613040.995
1879,地豆镇三桂村,大凼,0,38366163.04,2613077.655
1880,威整镇西坑村,九毛洞,0,38369439.84,2613233.991
1881,地豆镇三桂村,对针岭,3,38366884.76,2613240.711
1882,地豆镇三桂村,百坑尾,0,38364181.97,2613429.749
1883,威整镇西坑村,苏屋,0,38369405.67,2613488.456
1884,威整镇西坑村,苏屋,0,38369540.39,2613527.82
1885,地豆镇三桂村,叶洞田,0,38365134.13,2613532.152
1886,地豆镇三桂村,井面,3,38364182.78,2613655.289
1887,威整镇西坑村,松树塘,0,38369263.49,2613807.904
1888,地豆镇三桂村,半坑,3,38365408.97,2613829.703
1889,威整镇西坑村,大路村,0,38369623.68,2613857.156
1890,威整镇西坑村,西坑,3,38369141.47,2613890.898
1891,威整镇西坑村,田心村,3,38369904.43,2613965.842
1892,威整镇大洲村,花卉场,0,38369892.4,2613967.656
1893,威整镇大洲村,灰石坑,0,38370922.63,2614009.469
1894,威整镇大洲村,,0,38369529.17,2614065.348
1895,威整镇大洲村,榄山塘,0,38370757.26,2614118.87
1896,威整镇大洲村,力棚村,3,38370081.23,2614215.914
1897,威整镇大洲村,姓圈村,0,38369617.73,2614247.323
1898,威整镇大洲村,大洲村,3,38370378.38,2614327.013
1899,威整镇西坑村,黄茅咀,0,38369145.79,2614355.243
1900,威整镇大洲村,南洲小学,0,38369770.67,2614376.305
1901,威整镇大洲村,衣架厂,0,38369931.22,2614380.686
1902,地豆镇三桂村,大枕,0,38366478.43,2614380.739
1903,威整镇大洲村,,0,38369803.75,2614452.279
1904,威整镇西坑村,甫九屈,0,38369472.93,2614485.331
1905,威整镇大洲村,新村,0,38370710.66,2614495.097
1906,威整镇大洲村,东洲,0,38370472.19,2614501.612
1907,威整镇大洲村,银头~,0,38370192.29,2614522.479
1908,威整镇威整村,布腰村,0,38370022.13,2614561.206
1909,威整镇西坑村,柑元角,3,38369415.23,2614612.318
1910,威整镇威整村,布腰村,0,38369814.94,2614645.415
1911,威整镇西坑村,山仔坳,0,38369241.19,2614647.805
1912,威整镇威整村,布腰,0,38369759.71,2614757.883
1913,威整镇大洲村,,0,38370228.62,2614791.105
1914,威整镇大洲村,上大~,3,38370753.03,2614905.196
1915,威整镇大洲村,上大~,0,38370672.62,2614906.272
1916,威整镇威整村,布腰村,0,38369834.51,2614908.321
1917,威整镇威整村,新屋村,0,38370181.74,2615026.453
1918,威整镇威整村,新屋村,0,38370073.77,2615102.055
1919,威整镇威整村,新屋地塘,0,38370359.1,2615160.495
1920,威整镇威整村,姓丁村地塘,0,38369815.33,2615176.07
1921,威整镇威整村,新屋旧灰窑,0,38370446.77,2615216.166
1922,威整镇威整村,姓丁村,0,38369772.2,2615248.119
1923,威整镇大洲村,下大~,0,38370742.93,2615307.838
1924,威整镇威整村,养殖场,0,38370508.37,2615370.806
1925,威整镇瓦屋村,车田角,3,38372427.81,2615416.746
1926,威整镇威整村,永安,0,38370053.16,2615430.398
1927,威整镇大洲村,下大~,0,38370703.73,2615434.878
1928,威整镇威整村,养殖场,0,38369956.1,2615497.031
1929,威整镇威整村,永安村,0,38370165,2615550.56
1930,威整镇威整村,永安地塘,0,38370395.25,2615550.628
1931,威整镇瓦屋村,三丫滩,0,38372528.58,2615604.427
1932,威整镇威整村,~仔,0,38370988.32,2615678.786
1933,威整镇大洲村,~仔,0,38370954.3,2615681.63
1934,威整镇瓦屋村,淘金井,0,38372447.1,2615779.437
1935,威整镇威整村,华丰乐器厂,0,38370244.66,2615809.381
1936,威整镇威整村,松仔岗,0,38370368.24,2615906.422
1937,威整镇瓦屋村,菜厂,0,38372490.45,2615992.024
1938,威整镇威整村,上闸村,0,38370531.91,2616002.998
1939,威整镇威整村,加油站,0,38370330.54,2616007.255
1940,威整镇甜竹坑村,白沙陂,0,38369562.24,2616125.072
1941,威整镇威整村,上闸村下闸,3,38370920.79,2616134.355
1942,威整镇甜竹坑村,白沙陂,0,38369301.88,2616195.434
1943,威整镇甜竹坑村,白沙陂,0,38369497.36,2616222.536
1944,威整镇瓦屋村,下麻地,0,38372332.29,2616229.383
1945,威整镇威整村,白沙岗,3,38370324.29,2616239.207
1946,威整镇威整村,,0,38371680.41,2616303.884
1947,威整镇瓦屋村,上麻地,0,38372217.74,2616312.576
1948,威整镇瓦屋村,廷坑口,3,38372333.5,2616469.392
1949,威整镇甜竹坑村,元岗坪,3,38368344.79,2616471.487
1950,威整镇瓦屋村,猪场,0,38371578.79,2616477.175
1951,威整镇瓦屋村,猪场,0,38371590.72,2616500.261
1952,威整镇甜竹坑村,元岗坪,0,38368873.65,2616500.862
1953,威整镇甜竹坑村,元岗坪,0,38368327.43,2616548.447
1954,威整镇甜竹坑村,元岗坪,0,38368947.08,2616599.074
1955,威整镇瓦屋村,高基,3,38371328.52,2616641.123
1956,威整镇瓦屋村,,0,38371704.33,2616654.122
1957,威整镇瓦屋村,高基,3,38371438.31,2616661.533
1958,威整镇甜竹坑村,水厂,0,38370082.68,2616667.84
1959,威整镇威整村,,3,38370564.08,2616673.689
1960,威整镇威整村,,3,38370400.91,2616695.548
1961,威整镇甜竹坑村,甜四,0,38370072.06,2616735.978
1962,威整镇甜竹坑村,白带下,3,38367517.87,2616831.53
1963,威整镇瓦屋村,旧屋,0,38371201.62,2616837.061
1964,威整镇甜竹坑村,白带下,3,38367846.03,2616837.41
1965,威整镇甜竹坑村,甜四,0,38370208.36,2616863.738
1966,威整镇甜竹坑村,白带下,0,38367917.18,2616905.01
1967,威整镇甜竹坑村,甜三,3,38370124.64,2616936.363
1968,威整镇瓦屋村,牛皮厂,0,38371091.89,2616956.179
1969,威整镇瓦屋村,瓦屋~,0,38371329.31,2616967.596
1970,威整镇威整村,,0,38370368.28,2616967.993
1971,威整镇威整村,木材厂,0,38370924,2616978.391
1972,威整镇甜竹坑村,,0,38369930.74,2617047.588
1973,威整镇甜竹坑村,桥步桥头,0,38370448.93,2617071.443
1974,威整镇瓦屋村,凉水坑,0,38371663.07,2617074.302
1975,威整镇甜竹坑村,平顶,0,38368617.77,2617094.058
1976,威整镇甜竹坑村,陂仔窝,0,38367484.26,2617146.294
1977,威整镇瓦屋村,四杯石,0,38371048.17,2617172.518
1978,威整镇瓦屋村,四杯石,0,38371125.5,2617190.348
1979,威整镇甜竹坑村,崩岗坑,0,38367526.27,2617199.36
1980,威整镇甜竹坑村,崩岗坑,0,38367546.2,2617207.734
1981,威整镇甜竹坑村,桥步桥头,0,38370416.06,2617265.313
1982,威整镇瓦屋村,长岗磅,0,38371105.88,2617366.868
1983,威整镇甜竹坑村,下官山,0,38367445.95,2617368.364
1984,威整镇瓦屋村,旧村委会,0,38371580.75,2617470.771
1985,威整镇瓦屋村,姓吴村,0,38371371.34,2617471.924
1986,威整镇甜竹坑村,下官山,3,38367512.94,2617501.967
1987,威整镇瓦屋村,旧学校,0,38371527.21,2617655.894
1988,威整镇瓦屋村,老山,0,38371799.85,2617701.385
1989,威整镇甜竹坑村,下官山,0,38367503.07,2617715.654
1990,威整镇甜竹坑村,,3,38369978.3,2617719.077
1991,威整镇瓦屋村,下车疗,0,38371583.09,2617772.56
1992,威整镇瓦屋村,车疗,0,38371504.77,2617852.957
1993,威整镇甜竹坑村,锅厂,0,38370000.66,2617881.736
1994,威整镇瓦屋村,下厘,3,38371723.21,2618009.36
1995,威整镇甜竹坑村,上官山,3,38367246.84,2618033.24
1996,威整镇瓦屋村,下厘,3,38371607.47,2618082.082
1997,威整镇甜竹坑村,上官山,0,38367653.05,2618116.916
1998,威整镇甜竹坑村,上官山,0,38367385.56,2618177.927
1999,威整镇瓦屋村,厘更坑,0,38371778.46,2618227.719
2000,威整镇黄洞村,三斗种,3,38369670.96,2618257.349
2001,威整镇瓦屋村,羊角电站,0,38373441.7,2618353.058
2002,威整镇黄洞村,化工厂,0,38369794.72,2618374.711
2003,威整镇黄洞村,大磅,0,38369437.88,2618572.454
2004,威整镇黄洞村,白芒坝,3,38369188.64,2618802.151
2005,威整镇黄洞村,油榨下,0,38369431.04,2618855.078
2006,威整镇黄洞村,鱼尾形,3,38369658.87,2618874.047
2007,威整镇黄洞村,双桂坑,0,38370001.66,2618952.398
2008,威整镇黄洞村,带角,0,38370686.07,2619123.642
2009,威整镇黄洞村,牛过沙,0,38369774.22,2619138.857
2010,威整镇黄洞村,上王岗,0,38369280.8,2619170.027
2011,威整镇黄洞村,下王岗,0,38369479.16,2619258.449
2012,威整镇黄洞村,学校,0,38369772.19,2619333.664
2013,威整镇红星村,姓李村,0,38366791.96,2619358.17
2014,威整镇红星村,旱印,0,38366900.87,2619418.766
2015,威整镇黄洞村,下蕉坪,0,38369255.22,2619424.122
2016,威整镇黄洞村,上蕉坪,0,38369455.49,2619473.121
2017,威整镇黄洞村,上蕉坪,0,38369352.35,2619513.821
2018,威整镇黄洞村,上蕉坪,0,38369196.85,2619518.677
2019,威整镇黄洞村,酋~,3,38369657.42,2619593.92
2020,威整镇黄洞村,谢屋,3,38370101.99,2619874.793
2021,威整镇红星村,坑尾,3,38368507.02,2619937.223
2022,威整镇红星村,村委会,0,38369805.24,2620005.199
2023,威整镇红星村,朱村,3,38367663.73,2620165.355
2024,威整镇红星村,思该下（下）,0,38368998.66,2620178.91
2025,威整镇红星村,前进（下）,0,38369978.9,2620292.628
2026,威整镇红星村,冯村,0,38367810.33,2620305.115
2027,威整镇红星村,思该下（上）,0,38368948,2620326.764
2028,威整镇红星村,前进（上）,3,38369854.06,2620366.764
2029,威整镇黄洞村,桐油~,0,38370310.18,2620519.12
2030,威整镇红星村,,0,38369595.69,2620590.239
2031,威整镇黄洞村,桐油~,3,38370287.67,2620740.641
2032,威整镇红星村,坑口,0,38369498.21,2620772.691
2033,威整镇红星村,洲湾,0,38369326.74,2621209.647
2034,威整镇红星村,笛子山,3,38367450.6,2621736.828
